2026-02-19 21:06:09,477 INFO: LMS Startup - Technical Specs Initialized [in C:\Biblioteca_SW\app\__init__.py:34]
2026-02-19 21:07:16,210 INFO: LMS Startup - Technical Specs Initialized [in C:\Biblioteca_SW\app\__init__.py:34]
2026-02-19 21:07:43,239 INFO: LMS Startup - Technical Specs Initialized [in C:\Biblioteca_SW\app\__init__.py:34]
2026-02-19 21:08:35,243 INFO: LMS Startup - Technical Specs Initialized [in C:\Biblioteca_SW\app\__init__.py:34]
2026-02-19 21:09:40,509 INFO: LMS Startup - Technical Specs Initialized [in C:\Biblioteca_SW\app\__init__.py:34]
2026-02-19 21:09:41,899 INFO: LMS Startup - Technical Specs Initialized [in C:\Biblioteca_SW\app\__init__.py:34]
2026-02-19 21:11:39,901 INFO: LMS Startup - Technical Specs Initialized [in C:\Biblioteca_SW\app\__init__.py:34]
2026-02-19 21:11:49,595 INFO: LMS Startup - Technical Specs Initialized [in C:\Biblioteca_SW\app\__init__.py:34]
2026-02-19 21:17:05,026 INFO: LMS Startup - Technical Specs Initialized [in C:\Biblioteca_SW\app\__init__.py:34]
2026-02-19 21:17:05,028 INFO: LMS Startup - Technical Specs Initialized [in C:\Biblioteca_SW\app\__init__.py:34]
2026-02-19 21:17:19,539 INFO: LMS Startup - Technical Specs Initialized [in C:\Biblioteca_SW\app\__init__.py:34]
2026-02-19 21:17:19,546 INFO: LMS Startup - Technical Specs Initialized [in C:\Biblioteca_SW\app\__init__.py:34]
2026-02-19 21:21:12,232 INFO: LMS Startup - Technical Specs Initialized [in C:\Biblioteca_SW\app\__init__.py:34]
2026-02-19 21:21:15,289 INFO: LMS Startup - Technical Specs Initialized [in C:\Biblioteca_SW\app\__init__.py:34]
2026-02-21 22:54:49,030 INFO: LMS Startup - Technical Specs Initialized [in C:\Biblioteca_SW\app\__init__.py:37]
2026-02-21 22:54:50,140 INFO: LMS Startup - Technical Specs Initialized [in C:\Biblioteca_SW\app\__init__.py:37]
2026-02-21 22:56:19,121 INFO: LMS Startup - Technical Specs Initialized [in C:\Biblioteca_SW\app\__init__.py:37]
2026-02-21 22:57:16,664 INFO: LMS Startup - Technical Specs Initialized [in C:\Biblioteca_SW\app\__init__.py:37]
2026-02-21 22:57:17,785 INFO: LMS Startup - Technical Specs Initialized [in C:\Biblioteca_SW\app\__init__.py:37]
2026-02-21 22:57:18,918 INFO: LMS Startup - Technical Specs Initialized [in C:\Biblioteca_SW\app\__init__.py:37]
2026-02-21 23:00:45,114 INFO: LMS Startup - Technical Specs Initialized [in C:\Biblioteca_SW\app\__init__.py:37]
2026-02-21 23:01:33,648 INFO: LMS Startup - Technical Specs Initialized [in C:\Biblioteca_SW\app\__init__.py:37]
2026-02-21 23:03:16,784 INFO: LMS Startup - Technical Specs Initialized [in C:\Biblioteca_SW\app\__init__.py:37]
2026-02-21 23:03:26,604 INFO: LMS Startup - Technical Specs Initialized [in C:\Biblioteca_SW\app\__init__.py:37]
2026-02-21 23:04:57,322 INFO: LMS Startup - Technical Specs Initialized [in C:\Biblioteca_SW\app\__init__.py:37]
2026-02-21 23:05:54,810 INFO: LMS Startup - Technical Specs Initialized [in C:\Biblioteca_SW\app\__init__.py:37]
2026-02-21 23:08:04,397 INFO: LMS Startup - Technical Specs Initialized [in C:\Biblioteca_SW\app\__init__.py:37]
2026-02-21 23:08:05,585 INFO: LMS Startup - Technical Specs Initialized [in C:\Biblioteca_SW\app\__init__.py:37]
2026-02-21 23:08:06,914 INFO: LMS Startup - Technical Specs Initialized [in C:\Biblioteca_SW\app\__init__.py:37]
2026-02-21 23:10:35,592 INFO: LMS Startup - Technical Specs Initialized [in C:\Biblioteca_SW\app\__init__.py:37]
2026-02-21 23:10:36,850 INFO: LMS Startup - Technical Specs Initialized [in C:\Biblioteca_SW\app\__init__.py:37]
2026-02-21 23:12:03,286 INFO: LMS Startup - Technical Specs Initialized [in C:\Biblioteca_SW\app\__init__.py:37]
2026-02-21 23:12:04,267 INFO: LMS Startup - Technical Specs Initialized [in C:\Biblioteca_SW\app\__init__.py:37]
2026-02-21 23:23:46,323 INFO: LMS Startup - Technical Specs Initialized [in C:\Biblioteca_SW\app\__init__.py:37]
2026-02-21 23:23:47,554 INFO: LMS Startup - Technical Specs Initialized [in C:\Biblioteca_SW\app\__init__.py:37]
2026-02-21 23:24:42,659 INFO: LMS Startup - Technical Specs Initialized [in C:\Biblioteca_SW\app\__init__.py:37]
2026-02-21 23:24:43,795 INFO: LMS Startup - Technical Specs Initialized [in C:\Biblioteca_SW\app\__init__.py:37]
2026-02-21 23:24:45,025 INFO: LMS Startup - Technical Specs Initialized [in C:\Biblioteca_SW\app\__init__.py:37]
2026-02-21 23:24:55,214 INFO: LMS Startup - Technical Specs Initialized [in C:\Biblioteca_SW\app\__init__.py:37]
2026-02-21 23:24:56,381 INFO: LMS Startup - Technical Specs Initialized [in C:\Biblioteca_SW\app\__init__.py:37]
2026-02-21 23:29:09,511 INFO: LMS Startup - Technical Specs Initialized [in C:\Biblioteca_SW\app\__init__.py:37]
2026-02-21 23:29:10,462 INFO: LMS Startup - Technical Specs Initialized [in C:\Biblioteca_SW\app\__init__.py:37]
2026-02-21 23:29:21,153 INFO: LMS Startup - Technical Specs Initialized [in C:\Biblioteca_SW\app\__init__.py:37]
2026-02-21 23:29:31,715 INFO: LMS Startup - Technical Specs Initialized [in C:\Biblioteca_SW\app\__init__.py:37]
2026-02-21 23:29:44,722 INFO: LMS Startup - Technical Specs Initialized [in C:\Biblioteca_SW\app\__init__.py:37]
2026-02-21 23:31:15,792 INFO: LMS Startup - Technical Specs Initialized [in C:\Biblioteca_SW\app\__init__.py:37]
2026-02-21 23:31:46,577 INFO: LMS Startup - Technical Specs Initialized [in C:\Biblioteca_SW\app\__init__.py:37]
2026-02-21 23:32:12,386 INFO: LMS Startup - Technical Specs Initialized [in C:\Biblioteca_SW\app\__init__.py:37]
2026-02-21 23:32:13,388 INFO: LMS Startup - Technical Specs Initialized [in C:\Biblioteca_SW\app\__init__.py:37]
2026-02-21 23:42:09,685 INFO: LMS Startup - Technical Specs Initialized [in C:\Biblioteca_SW\app\__init__.py:37]
2026-02-21 23:45:00,603 INFO: LMS Startup - Technical Specs Initialized [in C:\Biblioteca_SW\app\__init__.py:37]
2026-02-21 23:45:32,686 INFO: LMS Startup - Technical Specs Initialized [in C:\Biblioteca_SW\app\__init__.py:37]
2026-02-21 23:49:29,323 INFO: LMS Startup - Technical Specs Initialized [in C:\Biblioteca_SW\app\__init__.py:37]
2026-02-21 23:49:30,682 INFO: LMS Startup - Technical Specs Initialized [in C:\Biblioteca_SW\app\__init__.py:37]
2026-02-21 23:51:53,935 INFO: LMS Startup - Technical Specs Initialized [in C:\Biblioteca_SW\app\__init__.py:37]
2026-02-21 23:51:55,430 INFO: LMS Startup - Technical Specs Initialized [in C:\Biblioteca_SW\app\__init__.py:37]
2026-02-21 23:52:30,850 INFO: LMS Startup - Technical Specs Initialized [in C:\Biblioteca_SW\app\__init__.py:37]
2026-02-21 23:52:32,727 INFO: LMS Startup - Technical Specs Initialized [in C:\Biblioteca_SW\app\__init__.py:37]
2026-02-21 23:52:34,408 INFO: LMS Startup - Technical Specs Initialized [in C:\Biblioteca_SW\app\__init__.py:37]
2026-02-21 23:55:03,999 INFO: LMS Startup - Technical Specs Initialized [in C:\Biblioteca_SW\app\__init__.py:37]
2026-02-21 23:55:05,319 INFO: LMS Startup - Technical Specs Initialized [in C:\Biblioteca_SW\app\__init__.py:37]
2026-02-21 23:56:45,668 INFO: LMS Startup - Technical Specs Initialized [in C:\Biblioteca_SW\app\__init__.py:37]
2026-02-21 23:56:57,974 INFO: LMS Startup - Technical Specs Initialized [in C:\Biblioteca_SW\app\__init__.py:37]
2026-02-21 23:56:59,863 INFO: LMS Startup - Technical Specs Initialized [in C:\Biblioteca_SW\app\__init__.py:37]
2026-02-21 23:58:59,250 INFO: LMS Startup - Technical Specs Initialized [in C:\Biblioteca_SW\app\__init__.py:37]
2026-02-21 23:59:00,564 INFO: LMS Startup - Technical Specs Initialized [in C:\Biblioteca_SW\app\__init__.py:37]
2026-02-23 14:10:36,258 INFO: LMS Startup - Technical Specs Initialized [in D:\Biblioteca_SW\app\__init__.py:37]
2026-02-23 14:10:51,022 INFO: LMS Startup - Technical Specs Initialized [in D:\Biblioteca_SW\app\__init__.py:37]
2026-02-23 14:24:24,656 INFO: LMS Startup - Technical Specs Initialized [in D:\Biblioteca_SW\app\__init__.py:37]
2026-02-23 14:24:27,156 INFO: LMS Startup - Technical Specs Initialized [in D:\Biblioteca_SW\app\__init__.py:37]
2026-02-23 16:33:29,365 INFO: LMS Startup - Technical Specs Initialized [in D:\Biblioteca_SW\app\__init__.py:37]
2026-02-23 16:43:36,042 INFO: LMS Startup - Technical Specs Initialized [in D:\Biblioteca_SW\app\__init__.py:37]
2026-02-23 16:46:36,167 INFO: LMS Startup - Technical Specs Initialized [in D:\Biblioteca_SW\app\__init__.py:37]
2026-02-23 16:46:50,038 INFO: LMS Startup - Technical Specs Initialized [in D:\Biblioteca_SW\app\__init__.py:37]
2026-02-23 16:46:53,781 INFO: LMS Startup - Technical Specs Initialized [in D:\Biblioteca_SW\app\__init__.py:37]
2026-02-23 16:51:46,842 INFO: LMS Startup - Technical Specs Initialized [in D:\Biblioteca_SW\app\__init__.py:37]
2026-02-23 16:51:49,178 INFO: LMS Startup - Technical Specs Initialized [in D:\Biblioteca_SW\app\__init__.py:37]
2026-02-24 09:16:40,892 INFO: LMS Startup - Technical Specs Initialized [in D:\Biblioteca_SW\app\__init__.py:37]
2026-02-24 09:16:56,361 INFO: LMS Startup - Technical Specs Initialized [in D:\Biblioteca_SW\app\__init__.py:37]
2026-02-24 09:20:09,063 INFO: LMS Startup - Technical Specs Initialized [in D:\Biblioteca_SW\app\__init__.py:37]
2026-02-24 09:20:32,527 INFO: LMS Startup - Technical Specs Initialized [in D:\Biblioteca_SW\app\__init__.py:37]
2026-02-24 09:22:40,846 INFO: LMS Startup - Technical Specs Initialized [in D:\Biblioteca_SW\app\__init__.py:37]
2026-02-24 09:22:52,679 INFO: LMS Startup - Technical Specs Initialized [in D:\Biblioteca_SW\app\__init__.py:37]
2026-02-24 09:22:55,877 INFO: LMS Startup - Technical Specs Initialized [in D:\Biblioteca_SW\app\__init__.py:37]
2026-02-24 10:18:00,677 INFO: LMS Startup - Technical Specs Initialized [in D:\Biblioteca_SW\app\__init__.py:37]
2026-02-24 10:18:13,310 INFO: LMS Startup - Technical Specs Initialized [in D:\Biblioteca_SW\app\__init__.py:37]
2026-02-24 10:35:08,346 INFO: LMS Startup - Technical Specs Initialized [in D:\Biblioteca_SW\app\__init__.py:37]
2026-02-24 10:35:18,046 INFO: LMS Startup - Technical Specs Initialized [in D:\Biblioteca_SW\app\__init__.py:37]
2026-02-24 10:36:29,196 INFO: LMS Startup - Technical Specs Initialized [in D:\Biblioteca_SW\app\__init__.py:37]
2026-02-24 10:36:40,047 INFO: LMS Startup - Technical Specs Initialized [in D:\Biblioteca_SW\app\__init__.py:37]
2026-02-24 10:36:45,211 INFO: LMS Startup - Technical Specs Initialized [in D:\Biblioteca_SW\app\__init__.py:37]
2026-02-24 10:44:19,297 INFO: LMS Startup - Technical Specs Initialized [in D:\Biblioteca_SW\app\__init__.py:37]
2026-02-24 10:44:21,276 INFO: LMS Startup - Technical Specs Initialized [in D:\Biblioteca_SW\app\__init__.py:37]
2026-02-24 10:57:44,741 INFO: LMS Startup - Technical Specs Initialized [in D:\Biblioteca_SW\app\__init__.py:37]
2026-02-24 10:57:49,091 INFO: LMS Startup - Technical Specs Initialized [in D:\Biblioteca_SW\app\__init__.py:37]
2026-02-24 11:51:14,931 INFO: LMS Startup - Technical Specs Initialized [in D:\Biblioteca_SW\app\__init__.py:37]
2026-02-24 11:51:26,119 INFO: LMS Startup - Technical Specs Initialized [in D:\Biblioteca_SW\app\__init__.py:37]
2026-02-24 12:35:54,233 INFO: LMS Startup - Technical Specs Initialized [in D:\Biblioteca_SW\app\__init__.py:37]
2026-02-24 12:35:56,125 INFO: LMS Startup - Technical Specs Initialized [in D:\Biblioteca_SW\app\__init__.py:37]
2026-02-24 12:36:57,155 INFO: LMS Startup - Technical Specs Initialized [in D:\Biblioteca_SW\app\__init__.py:37]
2026-02-25 12:13:29,336 INFO: LMS Startup - Technical Specs Initialized [in D:\SWL\app\__init__.py:37]
2026-02-25 12:13:41,567 INFO: LMS Startup - Technical Specs Initialized [in D:\SWL\app\__init__.py:37]
2026-02-25 12:46:34,026 INFO: LMS Startup - Technical Specs Initialized [in D:\SWL\app\__init__.py:37]
2026-02-25 12:47:34,176 INFO: LMS Startup - Technical Specs Initialized [in D:\SWL\app\__init__.py:37]
2026-02-25 12:47:42,071 INFO: LMS Startup - Technical Specs Initialized [in D:\SWL\app\__init__.py:37]
2026-02-25 12:47:51,295 INFO: LMS Startup - Technical Specs Initialized [in D:\SWL\app\__init__.py:37]
2026-02-25 12:57:09,344 INFO: LMS Startup - Technical Specs Initialized [in D:\SWL\app\__init__.py:37]
2026-02-25 12:57:21,578 INFO: LMS Startup - Technical Specs Initialized [in D:\SWL\app\__init__.py:37]
2026-02-25 15:24:18,388 INFO: LMS Startup - Technical Specs Initialized [in D:\SWL\app\__init__.py:37]
2026-02-25 15:24:20,592 INFO: LMS Startup - Technical Specs Initialized [in D:\SWL\app\__init__.py:37]
2026-02-25 15:33:03,827 INFO: LMS Startup - Technical Specs Initialized [in D:\SWL\app\__init__.py:37]
2026-02-25 15:33:06,050 INFO: LMS Startup - Technical Specs Initialized [in D:\SWL\app\__init__.py:37]
2026-02-26 14:21:05,537 INFO: LMS Startup - Technical Specs Initialized [in D:\SWL\app\__init__.py:37]
2026-02-26 14:21:46,378 INFO: LMS Startup - Technical Specs Initialized [in D:\SWL\app\__init__.py:37]
2026-02-26 16:56:13,234 INFO: LMS Startup - Technical Specs Initialized [in D:\SWL\app\__init__.py:37]
2026-02-26 16:57:22,134 INFO: LMS Startup - Technical Specs Initialized [in D:\SWL\app\__init__.py:37]
2026-02-26 16:57:28,411 INFO: LMS Startup - Technical Specs Initialized [in D:\SWL\app\__init__.py:37]
2026-02-26 17:21:42,716 INFO: LMS Startup - Technical Specs Initialized [in D:\SWL\app\__init__.py:37]
2026-02-26 17:22:15,783 INFO: LMS Startup - Technical Specs Initialized [in D:\SWL\app\__init__.py:37]
2026-02-26 17:23:11,286 INFO: LMS Startup - Technical Specs Initialized [in D:\SWL\app\__init__.py:37]
2026-02-26 17:23:34,910 INFO: LMS Startup - Technical Specs Initialized [in D:\SWL\app\__init__.py:37]
2026-02-26 17:24:23,635 INFO: LMS Startup - Technical Specs Initialized [in D:\SWL\app\__init__.py:37]
2026-02-26 17:28:31,022 INFO: LMS Startup - Technical Specs Initialized [in D:\SWL\app\__init__.py:37]
2026-02-26 17:29:05,000 INFO: LMS Startup - Technical Specs Initialized [in D:\SWL\app\__init__.py:37]
2026-02-26 17:32:12,783 INFO: LMS Startup - Technical Specs Initialized [in D:\SWL\app\__init__.py:37]
2026-02-26 17:32:15,261 INFO: LMS Startup - Technical Specs Initialized [in D:\SWL\app\__init__.py:37]
2026-02-26 17:32:31,560 INFO: LMS Startup - Technical Specs Initialized [in D:\SWL\app\__init__.py:37]
2026-02-26 17:32:38,020 INFO: LMS Startup - Technical Specs Initialized [in D:\SWL\app\__init__.py:37]
2026-02-26 17:32:44,051 INFO: LMS Startup - Technical Specs Initialized [in D:\SWL\app\__init__.py:37]
2026-02-26 17:32:48,077 INFO: LMS Startup - Technical Specs Initialized [in D:\SWL\app\__init__.py:37]
2026-02-26 17:32:49,952 INFO: LMS Startup - Technical Specs Initialized [in D:\SWL\app\__init__.py:37]
2026-02-26 17:35:38,994 INFO: LMS Startup - Technical Specs Initialized [in D:\SWL\app\__init__.py:37]
2026-02-26 17:39:13,066 INFO: LMS Startup - Technical Specs Initialized [in D:\SWL\app\__init__.py:37]
2026-02-26 17:39:15,157 INFO: LMS Startup - Technical Specs Initialized [in D:\SWL\app\__init__.py:37]
2026-03-03 15:33:30,746 INFO: LMS Startup - Technical Specs Initialized [in D:\SWL\app\__init__.py:37]
2026-03-03 15:40:05,328 INFO: LMS Startup - Technical Specs Initialized [in D:\SWL\app\__init__.py:56]
2026-03-03 15:41:07,571 INFO: LMS Startup - Technical Specs Initialized [in D:\SWL\app\__init__.py:56]
2026-03-03 15:45:05,733 INFO: LMS Startup - Technical Specs Initialized [in D:\SWL\app\__init__.py:56]
2026-03-03 16:03:26,497 INFO: LMS Startup - Technical Specs Initialized [in D:\SWL\app\__init__.py:56]
2026-03-03 16:03:30,872 INFO: LMS Startup - Technical Specs Initialized [in D:\SWL\app\__init__.py:56]
2026-03-05 13:49:34,766 INFO: LMS Startup - Technical Specs Initialized [in D:\SWL\app\__init__.py:56]
2026-03-05 13:49:37,034 INFO: LMS Startup - Technical Specs Initialized [in D:\SWL\app\__init__.py:56]
2026-03-05 14:07:32,146 INFO: LMS Startup - Technical Specs Initialized [in D:\SWL\app\__init__.py:56]
2026-03-06 07:59:55,701 INFO: LMS Startup - Technical Specs Initialized [in D:\SWL\app\__init__.py:56]
2026-03-06 08:00:00,940 INFO: LMS Startup - Technical Specs Initialized [in D:\SWL\app\__init__.py:56]
2026-03-06 08:24:13,550 INFO: LMS Startup - Technical Specs Initialized [in D:\SWL\app\__init__.py:56]
2026-03-06 14:56:10,593 INFO: LMS Startup - Technical Specs Initialized [in d:\SWL\app\__init__.py:45]
2026-03-06 14:57:46,666 INFO: LMS Startup - Technical Specs Initialized [in d:\SWL\app\__init__.py:45]
2026-03-06 14:58:32,167 INFO: LMS Startup - Technical Specs Initialized [in d:\SWL\app\__init__.py:45]
2026-03-06 14:58:54,874 INFO: LMS Startup - Technical Specs Initialized [in d:\SWL\app\__init__.py:45]
2026-03-06 14:59:32,903 INFO: LMS Startup - Technical Specs Initialized [in d:\SWL\app\__init__.py:45]
2026-03-06 14:59:54,121 INFO: LMS Startup - Technical Specs Initialized [in d:\SWL\app\__init__.py:45]
2026-03-06 15:00:24,733 INFO: LMS Startup - Technical Specs Initialized [in d:\SWL\app\__init__.py:45]
2026-03-06 16:45:09,003 INFO: LMS Startup - Technical Specs Initialized [in D:\SWL\app\__init__.py:45]
2026-03-06 16:57:45,190 INFO: LMS Startup - Technical Specs Initialized [in D:\SWL\app\__init__.py:45]
2026-03-09 07:47:46,618 INFO: LMS Startup - Technical Specs Initialized [in D:\SWL\app\__init__.py:45]
2026-03-09 08:03:24,953 INFO: LMS Startup - Technical Specs Initialized [in D:\SWL\app\__init__.py:45]
2026-03-09 08:03:33,246 INFO: LMS Startup - Technical Specs Initialized [in D:\SWL\app\__init__.py:45]
2026-03-09 08:03:49,774 INFO: LMS Startup - Technical Specs Initialized [in D:\SWL\app\__init__.py:45]
2026-03-09 08:03:56,381 INFO: LMS Startup - Technical Specs Initialized [in D:\SWL\app\__init__.py:45]
2026-03-09 09:50:12,982 INFO: LMS Startup - Technical Specs Initialized [in D:\SWL\app\__init__.py:45]
2026-03-09 09:50:21,608 INFO: LMS Startup - Technical Specs Initialized [in D:\SWL\app\__init__.py:45]
2026-03-09 10:06:09,847 INFO: LMS Startup - Technical Specs Initialized [in D:\SWL\app\__init__.py:45]
2026-03-09 10:06:18,501 INFO: LMS Startup - Technical Specs Initialized [in D:\SWL\app\__init__.py:45]
2026-03-09 11:20:10,379 INFO: LMS Startup - Technical Specs Initialized [in D:\SWL\app\__init__.py:45]
2026-03-09 11:20:18,925 INFO: LMS Startup - Technical Specs Initialized [in D:\SWL\app\__init__.py:45]
2026-03-09 11:20:58,256 INFO: LMS Startup - Technical Specs Initialized [in D:\SWL\app\__init__.py:45]
2026-03-09 11:21:04,559 INFO: LMS Startup - Technical Specs Initialized [in D:\SWL\app\__init__.py:45]
2026-03-09 11:22:56,674 INFO: LMS Startup - Technical Specs Initialized [in D:\SWL\app\__init__.py:45]
2026-03-09 11:33:40,256 INFO: LMS Startup - Technical Specs Initialized [in D:\SWL\app\__init__.py:45]
2026-03-09 11:39:36,442 INFO: LMS Startup - Technical Specs Initialized [in D:\SWL\app\__init__.py:45]
2026-03-09 11:40:02,829 INFO: LMS Startup - Technical Specs Initialized [in D:\SWL\app\__init__.py:45]
2026-03-09 11:42:01,338 INFO: LMS Startup - Technical Specs Initialized [in D:\SWL\app\__init__.py:45]
2026-03-09 11:46:44,518 INFO: LMS Startup - Technical Specs Initialized [in D:\SWL\app\__init__.py:45]
2026-03-09 11:47:34,980 INFO: LMS Startup - Technical Specs Initialized [in D:\SWL\app\__init__.py:45]
2026-03-09 14:09:27,188 ERROR: Exception on /request/accessory [GET] [in D:\SWL\venv\Lib\site-packages\flask\app.py:875]
Traceback (most recent call last):
  File "D:\SWL\venv\Lib\site-packages\sqlalchemy\engine\base.py", line 1967, in _exec_single_context
    self.dialect.do_execute(
  File "D:\SWL\venv\Lib\site-packages\sqlalchemy\engine\default.py", line 952, in do_execute
    cursor.execute(statement, parameters)
psycopg2.errors.InvalidTextRepresentation: la sintaxis de entrada no es válida para el enum inventory_status_enum: «disponible»
LINE 2: ...atalog_id = catalog.id AND item_instance.status = 'disponibl...
                                                             ^


The above exception was the direct cause of the following exception:

Traceback (most recent call last):
  File "D:\SWL\venv\Lib\site-packages\flask\app.py", line 1511, in wsgi_app
    response = self.full_dispatch_request()
               ^^^^^^^^^^^^^^^^^^^^^^^^^^^^
  File "D:\SWL\venv\Lib\site-packages\flask\app.py", line 919, in full_dispatch_request
    rv = self.handle_user_exception(e)
         ^^^^^^^^^^^^^^^^^^^^^^^^^^^^^
  File "D:\SWL\venv\Lib\site-packages\flask\app.py", line 917, in full_dispatch_request
    rv = self.dispatch_request()
         ^^^^^^^^^^^^^^^^^^^^^^^
  File "D:\SWL\venv\Lib\site-packages\flask\app.py", line 902, in dispatch_request
    return self.ensure_sync(self.view_functions[rule.endpoint])(**view_args)  # type: ignore[no-any-return]
           ^^^^^^^^^^^^^^^^^^^^^^^^^^^^^^^^^^^^^^^^^^^^^^^^^^^^^^^^^^^^^^^^^
  File "D:\SWL\app\utils\decorators.py", line 29, in decorated_function
    return f(*args, **kwargs)
           ^^^^^^^^^^^^^^^^^^
  File "D:\SWL\app\main\routes.py", line 212, in request_accessory
    available_items = CatalogService.get_catalog_with_counts(exclude_category=exclude_cat)
                      ^^^^^^^^^^^^^^^^^^^^^^^^^^^^^^^^^^^^^^^^^^^^^^^^^^^^^^^^^^^^^^^^^^^^
  File "D:\SWL\app\services\inventory_service.py", line 66, in get_catalog_with_counts
    results = query.all()
              ^^^^^^^^^^^
  File "D:\SWL\venv\Lib\site-packages\sqlalchemy\orm\query.py", line 2704, in all
    return self._iter().all()  # type: ignore
           ^^^^^^^^^^^^
  File "D:\SWL\venv\Lib\site-packages\sqlalchemy\orm\query.py", line 2857, in _iter
    result: Union[ScalarResult[_T], Result[_T]] = self.session.execute(
                                                  ^^^^^^^^^^^^^^^^^^^^^
  File "D:\SWL\venv\Lib\site-packages\sqlalchemy\orm\session.py", line 2351, in execute
    return self._execute_internal(
           ^^^^^^^^^^^^^^^^^^^^^^^
  File "D:\SWL\venv\Lib\site-packages\sqlalchemy\orm\session.py", line 2249, in _execute_internal
    result: Result[Any] = compile_state_cls.orm_execute_statement(
                          ^^^^^^^^^^^^^^^^^^^^^^^^^^^^^^^^^^^^^^^^
  File "D:\SWL\venv\Lib\site-packages\sqlalchemy\orm\context.py", line 306, in orm_execute_statement
    result = conn.execute(
             ^^^^^^^^^^^^^
  File "D:\SWL\venv\Lib\site-packages\sqlalchemy\engine\base.py", line 1419, in execute
    return meth(
           ^^^^^
  File "D:\SWL\venv\Lib\site-packages\sqlalchemy\sql\elements.py", line 527, in _execute_on_connection
    return connection._execute_clauseelement(
           ^^^^^^^^^^^^^^^^^^^^^^^^^^^^^^^^^^
  File "D:\SWL\venv\Lib\site-packages\sqlalchemy\engine\base.py", line 1641, in _execute_clauseelement
    ret = self._execute_context(
          ^^^^^^^^^^^^^^^^^^^^^^
  File "D:\SWL\venv\Lib\site-packages\sqlalchemy\engine\base.py", line 1846, in _execute_context
    return self._exec_single_context(
           ^^^^^^^^^^^^^^^^^^^^^^^^^^
  File "D:\SWL\venv\Lib\site-packages\sqlalchemy\engine\base.py", line 1986, in _exec_single_context
    self._handle_dbapi_exception(
  File "D:\SWL\venv\Lib\site-packages\sqlalchemy\engine\base.py", line 2363, in _handle_dbapi_exception
    raise sqlalchemy_exception.with_traceback(exc_info[2]) from e
  File "D:\SWL\venv\Lib\site-packages\sqlalchemy\engine\base.py", line 1967, in _exec_single_context
    self.dialect.do_execute(
  File "D:\SWL\venv\Lib\site-packages\sqlalchemy\engine\default.py", line 952, in do_execute
    cursor.execute(statement, parameters)
sqlalchemy.exc.DataError: (psycopg2.errors.InvalidTextRepresentation) la sintaxis de entrada no es válida para el enum inventory_status_enum: «disponible»
LINE 2: ...atalog_id = catalog.id AND item_instance.status = 'disponibl...
                                                             ^

[SQL: SELECT catalog.id AS catalog_id, catalog.title_or_name AS catalog_title_or_name, catalog.category AS catalog_category, catalog.author_or_brand AS catalog_author_or_brand, count(item_instance.id) AS avail_count 
FROM catalog LEFT OUTER JOIN item_instance ON item_instance.catalog_id = catalog.id AND item_instance.status = %(status_1)s 
WHERE catalog.category != %(category_1)s GROUP BY catalog.id]
[parameters: {'status_1': 'disponible', 'category_1': 'computo'}]
(Background on this error at: https://sqlalche.me/e/20/9h9h)
2026-03-09 14:09:31,133 ERROR: Exception on /request/book [GET] [in D:\SWL\venv\Lib\site-packages\flask\app.py:875]
Traceback (most recent call last):
  File "D:\SWL\venv\Lib\site-packages\sqlalchemy\engine\base.py", line 1967, in _exec_single_context
    self.dialect.do_execute(
  File "D:\SWL\venv\Lib\site-packages\sqlalchemy\engine\default.py", line 952, in do_execute
    cursor.execute(statement, parameters)
psycopg2.errors.InvalidTextRepresentation: la sintaxis de entrada no es válida para el enum inventory_status_enum: «disponible»
LINE 2: ...atalog_id = catalog.id AND item_instance.status = 'disponibl...
                                                             ^


The above exception was the direct cause of the following exception:

Traceback (most recent call last):
  File "D:\SWL\venv\Lib\site-packages\flask\app.py", line 1511, in wsgi_app
    response = self.full_dispatch_request()
               ^^^^^^^^^^^^^^^^^^^^^^^^^^^^
  File "D:\SWL\venv\Lib\site-packages\flask\app.py", line 919, in full_dispatch_request
    rv = self.handle_user_exception(e)
         ^^^^^^^^^^^^^^^^^^^^^^^^^^^^^
  File "D:\SWL\venv\Lib\site-packages\flask\app.py", line 917, in full_dispatch_request
    rv = self.dispatch_request()
         ^^^^^^^^^^^^^^^^^^^^^^^
  File "D:\SWL\venv\Lib\site-packages\flask\app.py", line 902, in dispatch_request
    return self.ensure_sync(self.view_functions[rule.endpoint])(**view_args)  # type: ignore[no-any-return]
           ^^^^^^^^^^^^^^^^^^^^^^^^^^^^^^^^^^^^^^^^^^^^^^^^^^^^^^^^^^^^^^^^^
  File "D:\SWL\app\utils\decorators.py", line 29, in decorated_function
    return f(*args, **kwargs)
           ^^^^^^^^^^^^^^^^^^
  File "D:\SWL\app\main\routes.py", line 257, in request_book
    available_books = CatalogService.get_catalog_with_counts(category_filter='libro')
                      ^^^^^^^^^^^^^^^^^^^^^^^^^^^^^^^^^^^^^^^^^^^^^^^^^^^^^^^^^^^^^^^
  File "D:\SWL\app\services\inventory_service.py", line 66, in get_catalog_with_counts
    results = query.all()
              ^^^^^^^^^^^
  File "D:\SWL\venv\Lib\site-packages\sqlalchemy\orm\query.py", line 2704, in all
    return self._iter().all()  # type: ignore
           ^^^^^^^^^^^^
  File "D:\SWL\venv\Lib\site-packages\sqlalchemy\orm\query.py", line 2857, in _iter
    result: Union[ScalarResult[_T], Result[_T]] = self.session.execute(
                                                  ^^^^^^^^^^^^^^^^^^^^^
  File "D:\SWL\venv\Lib\site-packages\sqlalchemy\orm\session.py", line 2351, in execute
    return self._execute_internal(
           ^^^^^^^^^^^^^^^^^^^^^^^
  File "D:\SWL\venv\Lib\site-packages\sqlalchemy\orm\session.py", line 2249, in _execute_internal
    result: Result[Any] = compile_state_cls.orm_execute_statement(
                          ^^^^^^^^^^^^^^^^^^^^^^^^^^^^^^^^^^^^^^^^
  File "D:\SWL\venv\Lib\site-packages\sqlalchemy\orm\context.py", line 306, in orm_execute_statement
    result = conn.execute(
             ^^^^^^^^^^^^^
  File "D:\SWL\venv\Lib\site-packages\sqlalchemy\engine\base.py", line 1419, in execute
    return meth(
           ^^^^^
  File "D:\SWL\venv\Lib\site-packages\sqlalchemy\sql\elements.py", line 527, in _execute_on_connection
    return connection._execute_clauseelement(
           ^^^^^^^^^^^^^^^^^^^^^^^^^^^^^^^^^^
  File "D:\SWL\venv\Lib\site-packages\sqlalchemy\engine\base.py", line 1641, in _execute_clauseelement
    ret = self._execute_context(
          ^^^^^^^^^^^^^^^^^^^^^^
  File "D:\SWL\venv\Lib\site-packages\sqlalchemy\engine\base.py", line 1846, in _execute_context
    return self._exec_single_context(
           ^^^^^^^^^^^^^^^^^^^^^^^^^^
  File "D:\SWL\venv\Lib\site-packages\sqlalchemy\engine\base.py", line 1986, in _exec_single_context
    self._handle_dbapi_exception(
  File "D:\SWL\venv\Lib\site-packages\sqlalchemy\engine\base.py", line 2363, in _handle_dbapi_exception
    raise sqlalchemy_exception.with_traceback(exc_info[2]) from e
  File "D:\SWL\venv\Lib\site-packages\sqlalchemy\engine\base.py", line 1967, in _exec_single_context
    self.dialect.do_execute(
  File "D:\SWL\venv\Lib\site-packages\sqlalchemy\engine\default.py", line 952, in do_execute
    cursor.execute(statement, parameters)
sqlalchemy.exc.DataError: (psycopg2.errors.InvalidTextRepresentation) la sintaxis de entrada no es válida para el enum inventory_status_enum: «disponible»
LINE 2: ...atalog_id = catalog.id AND item_instance.status = 'disponibl...
                                                             ^

[SQL: SELECT catalog.id AS catalog_id, catalog.title_or_name AS catalog_title_or_name, catalog.category AS catalog_category, catalog.author_or_brand AS catalog_author_or_brand, count(item_instance.id) AS avail_count 
FROM catalog LEFT OUTER JOIN item_instance ON item_instance.catalog_id = catalog.id AND item_instance.status = %(status_1)s 
WHERE catalog.category = %(category_1)s GROUP BY catalog.id]
[parameters: {'status_1': 'disponible', 'category_1': 'libro'}]
(Background on this error at: https://sqlalche.me/e/20/9h9h)
2026-03-09 14:09:32,321 ERROR: Exception on /request/laptop [GET] [in D:\SWL\venv\Lib\site-packages\flask\app.py:875]
Traceback (most recent call last):
  File "D:\SWL\venv\Lib\site-packages\sqlalchemy\engine\base.py", line 1967, in _exec_single_context
    self.dialect.do_execute(
  File "D:\SWL\venv\Lib\site-packages\sqlalchemy\engine\default.py", line 952, in do_execute
    cursor.execute(statement, parameters)
psycopg2.errors.InvalidTextRepresentation: la sintaxis de entrada no es válida para el enum inventory_status_enum: «disponible»
LINE 2: ...atalog_id = catalog.id AND item_instance.status = 'disponibl...
                                                             ^


The above exception was the direct cause of the following exception:

Traceback (most recent call last):
  File "D:\SWL\venv\Lib\site-packages\flask\app.py", line 1511, in wsgi_app
    response = self.full_dispatch_request()
               ^^^^^^^^^^^^^^^^^^^^^^^^^^^^
  File "D:\SWL\venv\Lib\site-packages\flask\app.py", line 919, in full_dispatch_request
    rv = self.handle_user_exception(e)
         ^^^^^^^^^^^^^^^^^^^^^^^^^^^^^
  File "D:\SWL\venv\Lib\site-packages\flask\app.py", line 917, in full_dispatch_request
    rv = self.dispatch_request()
         ^^^^^^^^^^^^^^^^^^^^^^^
  File "D:\SWL\venv\Lib\site-packages\flask\app.py", line 902, in dispatch_request
    return self.ensure_sync(self.view_functions[rule.endpoint])(**view_args)  # type: ignore[no-any-return]
           ^^^^^^^^^^^^^^^^^^^^^^^^^^^^^^^^^^^^^^^^^^^^^^^^^^^^^^^^^^^^^^^^^
  File "D:\SWL\app\utils\decorators.py", line 29, in decorated_function
    return f(*args, **kwargs)
           ^^^^^^^^^^^^^^^^^^
  File "D:\SWL\app\main\routes.py", line 156, in request_laptop
    available_computers = CatalogService.get_catalog_with_counts(category_filter='computo')
                          ^^^^^^^^^^^^^^^^^^^^^^^^^^^^^^^^^^^^^^^^^^^^^^^^^^^^^^^^^^^^^^^^^
  File "D:\SWL\app\services\inventory_service.py", line 66, in get_catalog_with_counts
    results = query.all()
              ^^^^^^^^^^^
  File "D:\SWL\venv\Lib\site-packages\sqlalchemy\orm\query.py", line 2704, in all
    return self._iter().all()  # type: ignore
           ^^^^^^^^^^^^
  File "D:\SWL\venv\Lib\site-packages\sqlalchemy\orm\query.py", line 2857, in _iter
    result: Union[ScalarResult[_T], Result[_T]] = self.session.execute(
                                                  ^^^^^^^^^^^^^^^^^^^^^
  File "D:\SWL\venv\Lib\site-packages\sqlalchemy\orm\session.py", line 2351, in execute
    return self._execute_internal(
           ^^^^^^^^^^^^^^^^^^^^^^^
  File "D:\SWL\venv\Lib\site-packages\sqlalchemy\orm\session.py", line 2249, in _execute_internal
    result: Result[Any] = compile_state_cls.orm_execute_statement(
                          ^^^^^^^^^^^^^^^^^^^^^^^^^^^^^^^^^^^^^^^^
  File "D:\SWL\venv\Lib\site-packages\sqlalchemy\orm\context.py", line 306, in orm_execute_statement
    result = conn.execute(
             ^^^^^^^^^^^^^
  File "D:\SWL\venv\Lib\site-packages\sqlalchemy\engine\base.py", line 1419, in execute
    return meth(
           ^^^^^
  File "D:\SWL\venv\Lib\site-packages\sqlalchemy\sql\elements.py", line 527, in _execute_on_connection
    return connection._execute_clauseelement(
           ^^^^^^^^^^^^^^^^^^^^^^^^^^^^^^^^^^
  File "D:\SWL\venv\Lib\site-packages\sqlalchemy\engine\base.py", line 1641, in _execute_clauseelement
    ret = self._execute_context(
          ^^^^^^^^^^^^^^^^^^^^^^
  File "D:\SWL\venv\Lib\site-packages\sqlalchemy\engine\base.py", line 1846, in _execute_context
    return self._exec_single_context(
           ^^^^^^^^^^^^^^^^^^^^^^^^^^
  File "D:\SWL\venv\Lib\site-packages\sqlalchemy\engine\base.py", line 1986, in _exec_single_context
    self._handle_dbapi_exception(
  File "D:\SWL\venv\Lib\site-packages\sqlalchemy\engine\base.py", line 2363, in _handle_dbapi_exception
    raise sqlalchemy_exception.with_traceback(exc_info[2]) from e
  File "D:\SWL\venv\Lib\site-packages\sqlalchemy\engine\base.py", line 1967, in _exec_single_context
    self.dialect.do_execute(
  File "D:\SWL\venv\Lib\site-packages\sqlalchemy\engine\default.py", line 952, in do_execute
    cursor.execute(statement, parameters)
sqlalchemy.exc.DataError: (psycopg2.errors.InvalidTextRepresentation) la sintaxis de entrada no es válida para el enum inventory_status_enum: «disponible»
LINE 2: ...atalog_id = catalog.id AND item_instance.status = 'disponibl...
                                                             ^

[SQL: SELECT catalog.id AS catalog_id, catalog.title_or_name AS catalog_title_or_name, catalog.category AS catalog_category, catalog.author_or_brand AS catalog_author_or_brand, count(item_instance.id) AS avail_count 
FROM catalog LEFT OUTER JOIN item_instance ON item_instance.catalog_id = catalog.id AND item_instance.status = %(status_1)s 
WHERE catalog.category = %(category_1)s GROUP BY catalog.id]
[parameters: {'status_1': 'disponible', 'category_1': 'computo'}]
(Background on this error at: https://sqlalche.me/e/20/9h9h)
2026-03-09 14:13:57,260 INFO: LMS Startup - Technical Specs Initialized [in D:\SWL\app\__init__.py:45]
2026-03-09 14:14:15,882 ERROR: Exception on /request/laptop [GET] [in D:\SWL\venv\Lib\site-packages\flask\app.py:875]
Traceback (most recent call last):
  File "D:\SWL\venv\Lib\site-packages\sqlalchemy\engine\base.py", line 1967, in _exec_single_context
    self.dialect.do_execute(
  File "D:\SWL\venv\Lib\site-packages\sqlalchemy\engine\default.py", line 952, in do_execute
    cursor.execute(statement, parameters)
psycopg2.errors.InvalidTextRepresentation: la sintaxis de entrada no es válida para el enum inventory_status_enum: «disponible»
LINE 2: ...atalog_id = catalog.id AND item_instance.status = 'disponibl...
                                                             ^


The above exception was the direct cause of the following exception:

Traceback (most recent call last):
  File "D:\SWL\venv\Lib\site-packages\flask\app.py", line 1511, in wsgi_app
    response = self.full_dispatch_request()
               ^^^^^^^^^^^^^^^^^^^^^^^^^^^^
  File "D:\SWL\venv\Lib\site-packages\flask\app.py", line 919, in full_dispatch_request
    rv = self.handle_user_exception(e)
         ^^^^^^^^^^^^^^^^^^^^^^^^^^^^^
  File "D:\SWL\venv\Lib\site-packages\flask\app.py", line 917, in full_dispatch_request
    rv = self.dispatch_request()
         ^^^^^^^^^^^^^^^^^^^^^^^
  File "D:\SWL\venv\Lib\site-packages\flask\app.py", line 902, in dispatch_request
    return self.ensure_sync(self.view_functions[rule.endpoint])(**view_args)  # type: ignore[no-any-return]
           ^^^^^^^^^^^^^^^^^^^^^^^^^^^^^^^^^^^^^^^^^^^^^^^^^^^^^^^^^^^^^^^^^
  File "D:\SWL\app\utils\decorators.py", line 29, in decorated_function
    return f(*args, **kwargs)
           ^^^^^^^^^^^^^^^^^^
  File "D:\SWL\app\main\routes.py", line 156, in request_laptop
    available_computers = CatalogService.get_catalog_with_counts(category_filter='computo')
                          ^^^^^^^^^^^^^^^^^^^^^^^^^^^^^^^^^^^^^^^^^^^^^^^^^^^^^^^^^^^^^^^^^
  File "D:\SWL\app\services\inventory_service.py", line 66, in get_catalog_with_counts
    results = query.all()
              ^^^^^^^^^^^
  File "D:\SWL\venv\Lib\site-packages\sqlalchemy\orm\query.py", line 2704, in all
    return self._iter().all()  # type: ignore
           ^^^^^^^^^^^^
  File "D:\SWL\venv\Lib\site-packages\sqlalchemy\orm\query.py", line 2857, in _iter
    result: Union[ScalarResult[_T], Result[_T]] = self.session.execute(
                                                  ^^^^^^^^^^^^^^^^^^^^^
  File "D:\SWL\venv\Lib\site-packages\sqlalchemy\orm\session.py", line 2351, in execute
    return self._execute_internal(
           ^^^^^^^^^^^^^^^^^^^^^^^
  File "D:\SWL\venv\Lib\site-packages\sqlalchemy\orm\session.py", line 2249, in _execute_internal
    result: Result[Any] = compile_state_cls.orm_execute_statement(
                          ^^^^^^^^^^^^^^^^^^^^^^^^^^^^^^^^^^^^^^^^
  File "D:\SWL\venv\Lib\site-packages\sqlalchemy\orm\context.py", line 306, in orm_execute_statement
    result = conn.execute(
             ^^^^^^^^^^^^^
  File "D:\SWL\venv\Lib\site-packages\sqlalchemy\engine\base.py", line 1419, in execute
    return meth(
           ^^^^^
  File "D:\SWL\venv\Lib\site-packages\sqlalchemy\sql\elements.py", line 527, in _execute_on_connection
    return connection._execute_clauseelement(
           ^^^^^^^^^^^^^^^^^^^^^^^^^^^^^^^^^^
  File "D:\SWL\venv\Lib\site-packages\sqlalchemy\engine\base.py", line 1641, in _execute_clauseelement
    ret = self._execute_context(
          ^^^^^^^^^^^^^^^^^^^^^^
  File "D:\SWL\venv\Lib\site-packages\sqlalchemy\engine\base.py", line 1846, in _execute_context
    return self._exec_single_context(
           ^^^^^^^^^^^^^^^^^^^^^^^^^^
  File "D:\SWL\venv\Lib\site-packages\sqlalchemy\engine\base.py", line 1986, in _exec_single_context
    self._handle_dbapi_exception(
  File "D:\SWL\venv\Lib\site-packages\sqlalchemy\engine\base.py", line 2363, in _handle_dbapi_exception
    raise sqlalchemy_exception.with_traceback(exc_info[2]) from e
  File "D:\SWL\venv\Lib\site-packages\sqlalchemy\engine\base.py", line 1967, in _exec_single_context
    self.dialect.do_execute(
  File "D:\SWL\venv\Lib\site-packages\sqlalchemy\engine\default.py", line 952, in do_execute
    cursor.execute(statement, parameters)
sqlalchemy.exc.DataError: (psycopg2.errors.InvalidTextRepresentation) la sintaxis de entrada no es válida para el enum inventory_status_enum: «disponible»
LINE 2: ...atalog_id = catalog.id AND item_instance.status = 'disponibl...
                                                             ^

[SQL: SELECT catalog.id AS catalog_id, catalog.title_or_name AS catalog_title_or_name, catalog.category AS catalog_category, catalog.author_or_brand AS catalog_author_or_brand, count(item_instance.id) AS avail_count 
FROM catalog LEFT OUTER JOIN item_instance ON item_instance.catalog_id = catalog.id AND item_instance.status = %(status_1)s 
WHERE catalog.category = %(category_1)s GROUP BY catalog.id]
[parameters: {'status_1': 'disponible', 'category_1': 'computo'}]
(Background on this error at: https://sqlalche.me/e/20/9h9h)
2026-03-09 14:23:10,979 INFO: LMS Startup - Technical Specs Initialized [in D:\SWL\app\__init__.py:45]
2026-03-09 14:29:04,895 INFO: LMS Startup - Technical Specs Initialized [in D:\SWL\app\__init__.py:45]
2026-03-09 14:35:41,147 INFO: LMS Startup - Technical Specs Initialized [in D:\SWL\app\__init__.py:45]
2026-03-09 14:43:32,911 ERROR: Exception on /admin/dashboard [GET] [in D:\SWL\venv\Lib\site-packages\flask\app.py:875]
Traceback (most recent call last):
  File "D:\SWL\venv\Lib\site-packages\flask\app.py", line 1511, in wsgi_app
    response = self.full_dispatch_request()
               ^^^^^^^^^^^^^^^^^^^^^^^^^^^^
  File "D:\SWL\venv\Lib\site-packages\flask\app.py", line 919, in full_dispatch_request
    rv = self.handle_user_exception(e)
         ^^^^^^^^^^^^^^^^^^^^^^^^^^^^^
  File "D:\SWL\venv\Lib\site-packages\flask\app.py", line 917, in full_dispatch_request
    rv = self.dispatch_request()
         ^^^^^^^^^^^^^^^^^^^^^^^
  File "D:\SWL\venv\Lib\site-packages\flask\app.py", line 902, in dispatch_request
    return self.ensure_sync(self.view_functions[rule.endpoint])(**view_args)  # type: ignore[no-any-return]
           ^^^^^^^^^^^^^^^^^^^^^^^^^^^^^^^^^^^^^^^^^^^^^^^^^^^^^^^^^^^^^^^^^
  File "D:\SWL\app\utils\decorators.py", line 29, in decorated_function
    return f(*args, **kwargs)
           ^^^^^^^^^^^^^^^^^^
  File "D:\SWL\app\admin\routes.py", line 150, in admin_dashboard
    ).join(ItemInstance).join(Loan).group_by(Catalog.title_or_name).order_by(func.count(Loan.id).desc()).limit(5).all()
                                                                                                                  ^^^^^
  File "D:\SWL\venv\Lib\site-packages\sqlalchemy\orm\query.py", line 2704, in all
    return self._iter().all()  # type: ignore
           ^^^^^^^^^^^^
  File "D:\SWL\venv\Lib\site-packages\sqlalchemy\orm\query.py", line 2857, in _iter
    result: Union[ScalarResult[_T], Result[_T]] = self.session.execute(
                                                  ^^^^^^^^^^^^^^^^^^^^^
  File "D:\SWL\venv\Lib\site-packages\sqlalchemy\orm\session.py", line 2351, in execute
    return self._execute_internal(
           ^^^^^^^^^^^^^^^^^^^^^^^
  File "D:\SWL\venv\Lib\site-packages\sqlalchemy\orm\session.py", line 2249, in _execute_internal
    result: Result[Any] = compile_state_cls.orm_execute_statement(
                          ^^^^^^^^^^^^^^^^^^^^^^^^^^^^^^^^^^^^^^^^
  File "D:\SWL\venv\Lib\site-packages\sqlalchemy\orm\context.py", line 306, in orm_execute_statement
    result = conn.execute(
             ^^^^^^^^^^^^^
  File "D:\SWL\venv\Lib\site-packages\sqlalchemy\engine\base.py", line 1419, in execute
    return meth(
           ^^^^^
  File "D:\SWL\venv\Lib\site-packages\sqlalchemy\sql\elements.py", line 527, in _execute_on_connection
    return connection._execute_clauseelement(
           ^^^^^^^^^^^^^^^^^^^^^^^^^^^^^^^^^^
  File "D:\SWL\venv\Lib\site-packages\sqlalchemy\engine\base.py", line 1633, in _execute_clauseelement
    compiled_sql, extracted_params, cache_hit = elem._compile_w_cache(
                                                ^^^^^^^^^^^^^^^^^^^^^^
  File "D:\SWL\venv\Lib\site-packages\sqlalchemy\sql\elements.py", line 716, in _compile_w_cache
    compiled_sql = self._compiler(
                   ^^^^^^^^^^^^^^^
  File "D:\SWL\venv\Lib\site-packages\sqlalchemy\sql\elements.py", line 324, in _compiler
    return dialect.statement_compiler(dialect, self, **kw)
           ^^^^^^^^^^^^^^^^^^^^^^^^^^^^^^^^^^^^^^^^^^^^^^^
  File "D:\SWL\venv\Lib\site-packages\sqlalchemy\sql\compiler.py", line 1461, in __init__
    Compiled.__init__(self, dialect, statement, **kwargs)
  File "D:\SWL\venv\Lib\site-packages\sqlalchemy\sql\compiler.py", line 901, in __init__
    self.string = self.process(self.statement, **compile_kwargs)
                  ^^^^^^^^^^^^^^^^^^^^^^^^^^^^^^^^^^^^^^^^^^^^^^
  File "D:\SWL\venv\Lib\site-packages\sqlalchemy\sql\compiler.py", line 947, in process
    return obj._compiler_dispatch(self, **kwargs)
           ^^^^^^^^^^^^^^^^^^^^^^^^^^^^^^^^^^^^^^
  File "D:\SWL\venv\Lib\site-packages\sqlalchemy\sql\visitors.py", line 138, in _compiler_dispatch
    return meth(self, **kw)  # type: ignore  # noqa: E501
           ^^^^^^^^^^^^^^^^
  File "D:\SWL\venv\Lib\site-packages\sqlalchemy\sql\compiler.py", line 4807, in visit_select
    compile_state = select_stmt._compile_state_factory(
                    ^^^^^^^^^^^^^^^^^^^^^^^^^^^^^^^^^^^
  File "D:\SWL\venv\Lib\site-packages\sqlalchemy\sql\base.py", line 775, in create_for_statement
    return klass.create_for_statement(statement, compiler, **kw)
           ^^^^^^^^^^^^^^^^^^^^^^^^^^^^^^^^^^^^^^^^^^^^^^^^^^^^^
  File "D:\SWL\venv\Lib\site-packages\sqlalchemy\orm\context.py", line 447, in create_for_statement
    return cls._create_orm_context(
           ^^^^^^^^^^^^^^^^^^^^^^^^
  File "D:\SWL\venv\Lib\site-packages\sqlalchemy\orm\context.py", line 1246, in _create_orm_context
    self._setup_for_generate()
  File "D:\SWL\venv\Lib\site-packages\sqlalchemy\orm\context.py", line 1281, in _setup_for_generate
    self._join(query._setup_joins, self._entities)
  File "D:\SWL\venv\Lib\site-packages\sqlalchemy\orm\context.py", line 1922, in _join
    self._join_left_to_right(
  File "D:\SWL\venv\Lib\site-packages\sqlalchemy\orm\context.py", line 1957, in _join_left_to_right
    ) = self._join_determine_implicit_left_side(
        ^^^^^^^^^^^^^^^^^^^^^^^^^^^^^^^^^^^^^^^^
  File "D:\SWL\venv\Lib\site-packages\sqlalchemy\orm\context.py", line 2112, in _join_determine_implicit_left_side
    raise sa_exc.InvalidRequestError(
sqlalchemy.exc.InvalidRequestError: Can't determine which FROM clause to join from, there are multiple FROMS which can join to this entity. Please use the .select_from() method to establish an explicit left side, as well as providing an explicit ON clause if not present already to help resolve the ambiguity.
2026-03-09 14:45:00,256 ERROR: Exception on /admin/dashboard [GET] [in D:\SWL\venv\Lib\site-packages\flask\app.py:875]
Traceback (most recent call last):
  File "D:\SWL\venv\Lib\site-packages\flask\app.py", line 1511, in wsgi_app
    response = self.full_dispatch_request()
               ^^^^^^^^^^^^^^^^^^^^^^^^^^^^
  File "D:\SWL\venv\Lib\site-packages\flask\app.py", line 919, in full_dispatch_request
    rv = self.handle_user_exception(e)
         ^^^^^^^^^^^^^^^^^^^^^^^^^^^^^
  File "D:\SWL\venv\Lib\site-packages\flask\app.py", line 917, in full_dispatch_request
    rv = self.dispatch_request()
         ^^^^^^^^^^^^^^^^^^^^^^^
  File "D:\SWL\venv\Lib\site-packages\flask\app.py", line 902, in dispatch_request
    return self.ensure_sync(self.view_functions[rule.endpoint])(**view_args)  # type: ignore[no-any-return]
           ^^^^^^^^^^^^^^^^^^^^^^^^^^^^^^^^^^^^^^^^^^^^^^^^^^^^^^^^^^^^^^^^^
  File "D:\SWL\app\utils\decorators.py", line 29, in decorated_function
    return f(*args, **kwargs)
           ^^^^^^^^^^^^^^^^^^
  File "D:\SWL\app\admin\routes.py", line 150, in admin_dashboard
    ).join(ItemInstance).join(Loan).group_by(Catalog.title_or_name).order_by(func.count(Loan.id).desc()).limit(5).all()
                                                                                                                  ^^^^^
  File "D:\SWL\venv\Lib\site-packages\sqlalchemy\orm\query.py", line 2704, in all
    return self._iter().all()  # type: ignore
           ^^^^^^^^^^^^
  File "D:\SWL\venv\Lib\site-packages\sqlalchemy\orm\query.py", line 2857, in _iter
    result: Union[ScalarResult[_T], Result[_T]] = self.session.execute(
                                                  ^^^^^^^^^^^^^^^^^^^^^
  File "D:\SWL\venv\Lib\site-packages\sqlalchemy\orm\session.py", line 2351, in execute
    return self._execute_internal(
           ^^^^^^^^^^^^^^^^^^^^^^^
  File "D:\SWL\venv\Lib\site-packages\sqlalchemy\orm\session.py", line 2249, in _execute_internal
    result: Result[Any] = compile_state_cls.orm_execute_statement(
                          ^^^^^^^^^^^^^^^^^^^^^^^^^^^^^^^^^^^^^^^^
  File "D:\SWL\venv\Lib\site-packages\sqlalchemy\orm\context.py", line 306, in orm_execute_statement
    result = conn.execute(
             ^^^^^^^^^^^^^
  File "D:\SWL\venv\Lib\site-packages\sqlalchemy\engine\base.py", line 1419, in execute
    return meth(
           ^^^^^
  File "D:\SWL\venv\Lib\site-packages\sqlalchemy\sql\elements.py", line 527, in _execute_on_connection
    return connection._execute_clauseelement(
           ^^^^^^^^^^^^^^^^^^^^^^^^^^^^^^^^^^
  File "D:\SWL\venv\Lib\site-packages\sqlalchemy\engine\base.py", line 1633, in _execute_clauseelement
    compiled_sql, extracted_params, cache_hit = elem._compile_w_cache(
                                                ^^^^^^^^^^^^^^^^^^^^^^
  File "D:\SWL\venv\Lib\site-packages\sqlalchemy\sql\elements.py", line 716, in _compile_w_cache
    compiled_sql = self._compiler(
                   ^^^^^^^^^^^^^^^
  File "D:\SWL\venv\Lib\site-packages\sqlalchemy\sql\elements.py", line 324, in _compiler
    return dialect.statement_compiler(dialect, self, **kw)
           ^^^^^^^^^^^^^^^^^^^^^^^^^^^^^^^^^^^^^^^^^^^^^^^
  File "D:\SWL\venv\Lib\site-packages\sqlalchemy\sql\compiler.py", line 1461, in __init__
    Compiled.__init__(self, dialect, statement, **kwargs)
  File "D:\SWL\venv\Lib\site-packages\sqlalchemy\sql\compiler.py", line 901, in __init__
    self.string = self.process(self.statement, **compile_kwargs)
                  ^^^^^^^^^^^^^^^^^^^^^^^^^^^^^^^^^^^^^^^^^^^^^^
  File "D:\SWL\venv\Lib\site-packages\sqlalchemy\sql\compiler.py", line 947, in process
    return obj._compiler_dispatch(self, **kwargs)
           ^^^^^^^^^^^^^^^^^^^^^^^^^^^^^^^^^^^^^^
  File "D:\SWL\venv\Lib\site-packages\sqlalchemy\sql\visitors.py", line 138, in _compiler_dispatch
    return meth(self, **kw)  # type: ignore  # noqa: E501
           ^^^^^^^^^^^^^^^^
  File "D:\SWL\venv\Lib\site-packages\sqlalchemy\sql\compiler.py", line 4807, in visit_select
    compile_state = select_stmt._compile_state_factory(
                    ^^^^^^^^^^^^^^^^^^^^^^^^^^^^^^^^^^^
  File "D:\SWL\venv\Lib\site-packages\sqlalchemy\sql\base.py", line 775, in create_for_statement
    return klass.create_for_statement(statement, compiler, **kw)
           ^^^^^^^^^^^^^^^^^^^^^^^^^^^^^^^^^^^^^^^^^^^^^^^^^^^^^
  File "D:\SWL\venv\Lib\site-packages\sqlalchemy\orm\context.py", line 447, in create_for_statement
    return cls._create_orm_context(
           ^^^^^^^^^^^^^^^^^^^^^^^^
  File "D:\SWL\venv\Lib\site-packages\sqlalchemy\orm\context.py", line 1246, in _create_orm_context
    self._setup_for_generate()
  File "D:\SWL\venv\Lib\site-packages\sqlalchemy\orm\context.py", line 1281, in _setup_for_generate
    self._join(query._setup_joins, self._entities)
  File "D:\SWL\venv\Lib\site-packages\sqlalchemy\orm\context.py", line 1922, in _join
    self._join_left_to_right(
  File "D:\SWL\venv\Lib\site-packages\sqlalchemy\orm\context.py", line 1957, in _join_left_to_right
    ) = self._join_determine_implicit_left_side(
        ^^^^^^^^^^^^^^^^^^^^^^^^^^^^^^^^^^^^^^^^
  File "D:\SWL\venv\Lib\site-packages\sqlalchemy\orm\context.py", line 2112, in _join_determine_implicit_left_side
    raise sa_exc.InvalidRequestError(
sqlalchemy.exc.InvalidRequestError: Can't determine which FROM clause to join from, there are multiple FROMS which can join to this entity. Please use the .select_from() method to establish an explicit left side, as well as providing an explicit ON clause if not present already to help resolve the ambiguity.
2026-03-09 14:45:01,057 ERROR: Exception on /admin/dashboard [GET] [in D:\SWL\venv\Lib\site-packages\flask\app.py:875]
Traceback (most recent call last):
  File "D:\SWL\venv\Lib\site-packages\flask\app.py", line 1511, in wsgi_app
    response = self.full_dispatch_request()
               ^^^^^^^^^^^^^^^^^^^^^^^^^^^^
  File "D:\SWL\venv\Lib\site-packages\flask\app.py", line 919, in full_dispatch_request
    rv = self.handle_user_exception(e)
         ^^^^^^^^^^^^^^^^^^^^^^^^^^^^^
  File "D:\SWL\venv\Lib\site-packages\flask\app.py", line 917, in full_dispatch_request
    rv = self.dispatch_request()
         ^^^^^^^^^^^^^^^^^^^^^^^
  File "D:\SWL\venv\Lib\site-packages\flask\app.py", line 902, in dispatch_request
    return self.ensure_sync(self.view_functions[rule.endpoint])(**view_args)  # type: ignore[no-any-return]
           ^^^^^^^^^^^^^^^^^^^^^^^^^^^^^^^^^^^^^^^^^^^^^^^^^^^^^^^^^^^^^^^^^
  File "D:\SWL\app\utils\decorators.py", line 29, in decorated_function
    return f(*args, **kwargs)
           ^^^^^^^^^^^^^^^^^^
  File "D:\SWL\app\admin\routes.py", line 150, in admin_dashboard
    ).join(ItemInstance).join(Loan).group_by(Catalog.title_or_name).order_by(func.count(Loan.id).desc()).limit(5).all()
                                                                                                                  ^^^^^
  File "D:\SWL\venv\Lib\site-packages\sqlalchemy\orm\query.py", line 2704, in all
    return self._iter().all()  # type: ignore
           ^^^^^^^^^^^^
  File "D:\SWL\venv\Lib\site-packages\sqlalchemy\orm\query.py", line 2857, in _iter
    result: Union[ScalarResult[_T], Result[_T]] = self.session.execute(
                                                  ^^^^^^^^^^^^^^^^^^^^^
  File "D:\SWL\venv\Lib\site-packages\sqlalchemy\orm\session.py", line 2351, in execute
    return self._execute_internal(
           ^^^^^^^^^^^^^^^^^^^^^^^
  File "D:\SWL\venv\Lib\site-packages\sqlalchemy\orm\session.py", line 2249, in _execute_internal
    result: Result[Any] = compile_state_cls.orm_execute_statement(
                          ^^^^^^^^^^^^^^^^^^^^^^^^^^^^^^^^^^^^^^^^
  File "D:\SWL\venv\Lib\site-packages\sqlalchemy\orm\context.py", line 306, in orm_execute_statement
    result = conn.execute(
             ^^^^^^^^^^^^^
  File "D:\SWL\venv\Lib\site-packages\sqlalchemy\engine\base.py", line 1419, in execute
    return meth(
           ^^^^^
  File "D:\SWL\venv\Lib\site-packages\sqlalchemy\sql\elements.py", line 527, in _execute_on_connection
    return connection._execute_clauseelement(
           ^^^^^^^^^^^^^^^^^^^^^^^^^^^^^^^^^^
  File "D:\SWL\venv\Lib\site-packages\sqlalchemy\engine\base.py", line 1633, in _execute_clauseelement
    compiled_sql, extracted_params, cache_hit = elem._compile_w_cache(
                                                ^^^^^^^^^^^^^^^^^^^^^^
  File "D:\SWL\venv\Lib\site-packages\sqlalchemy\sql\elements.py", line 716, in _compile_w_cache
    compiled_sql = self._compiler(
                   ^^^^^^^^^^^^^^^
  File "D:\SWL\venv\Lib\site-packages\sqlalchemy\sql\elements.py", line 324, in _compiler
    return dialect.statement_compiler(dialect, self, **kw)
           ^^^^^^^^^^^^^^^^^^^^^^^^^^^^^^^^^^^^^^^^^^^^^^^
  File "D:\SWL\venv\Lib\site-packages\sqlalchemy\sql\compiler.py", line 1461, in __init__
    Compiled.__init__(self, dialect, statement, **kwargs)
  File "D:\SWL\venv\Lib\site-packages\sqlalchemy\sql\compiler.py", line 901, in __init__
    self.string = self.process(self.statement, **compile_kwargs)
                  ^^^^^^^^^^^^^^^^^^^^^^^^^^^^^^^^^^^^^^^^^^^^^^
  File "D:\SWL\venv\Lib\site-packages\sqlalchemy\sql\compiler.py", line 947, in process
    return obj._compiler_dispatch(self, **kwargs)
           ^^^^^^^^^^^^^^^^^^^^^^^^^^^^^^^^^^^^^^
  File "D:\SWL\venv\Lib\site-packages\sqlalchemy\sql\visitors.py", line 138, in _compiler_dispatch
    return meth(self, **kw)  # type: ignore  # noqa: E501
           ^^^^^^^^^^^^^^^^
  File "D:\SWL\venv\Lib\site-packages\sqlalchemy\sql\compiler.py", line 4807, in visit_select
    compile_state = select_stmt._compile_state_factory(
                    ^^^^^^^^^^^^^^^^^^^^^^^^^^^^^^^^^^^
  File "D:\SWL\venv\Lib\site-packages\sqlalchemy\sql\base.py", line 775, in create_for_statement
    return klass.create_for_statement(statement, compiler, **kw)
           ^^^^^^^^^^^^^^^^^^^^^^^^^^^^^^^^^^^^^^^^^^^^^^^^^^^^^
  File "D:\SWL\venv\Lib\site-packages\sqlalchemy\orm\context.py", line 447, in create_for_statement
    return cls._create_orm_context(
           ^^^^^^^^^^^^^^^^^^^^^^^^
  File "D:\SWL\venv\Lib\site-packages\sqlalchemy\orm\context.py", line 1246, in _create_orm_context
    self._setup_for_generate()
  File "D:\SWL\venv\Lib\site-packages\sqlalchemy\orm\context.py", line 1281, in _setup_for_generate
    self._join(query._setup_joins, self._entities)
  File "D:\SWL\venv\Lib\site-packages\sqlalchemy\orm\context.py", line 1922, in _join
    self._join_left_to_right(
  File "D:\SWL\venv\Lib\site-packages\sqlalchemy\orm\context.py", line 1957, in _join_left_to_right
    ) = self._join_determine_implicit_left_side(
        ^^^^^^^^^^^^^^^^^^^^^^^^^^^^^^^^^^^^^^^^
  File "D:\SWL\venv\Lib\site-packages\sqlalchemy\orm\context.py", line 2112, in _join_determine_implicit_left_side
    raise sa_exc.InvalidRequestError(
sqlalchemy.exc.InvalidRequestError: Can't determine which FROM clause to join from, there are multiple FROMS which can join to this entity. Please use the .select_from() method to establish an explicit left side, as well as providing an explicit ON clause if not present already to help resolve the ambiguity.
2026-03-09 14:45:01,267 ERROR: Exception on /admin/dashboard [GET] [in D:\SWL\venv\Lib\site-packages\flask\app.py:875]
Traceback (most recent call last):
  File "D:\SWL\venv\Lib\site-packages\flask\app.py", line 1511, in wsgi_app
    response = self.full_dispatch_request()
               ^^^^^^^^^^^^^^^^^^^^^^^^^^^^
  File "D:\SWL\venv\Lib\site-packages\flask\app.py", line 919, in full_dispatch_request
    rv = self.handle_user_exception(e)
         ^^^^^^^^^^^^^^^^^^^^^^^^^^^^^
  File "D:\SWL\venv\Lib\site-packages\flask\app.py", line 917, in full_dispatch_request
    rv = self.dispatch_request()
         ^^^^^^^^^^^^^^^^^^^^^^^
  File "D:\SWL\venv\Lib\site-packages\flask\app.py", line 902, in dispatch_request
    return self.ensure_sync(self.view_functions[rule.endpoint])(**view_args)  # type: ignore[no-any-return]
           ^^^^^^^^^^^^^^^^^^^^^^^^^^^^^^^^^^^^^^^^^^^^^^^^^^^^^^^^^^^^^^^^^
  File "D:\SWL\app\utils\decorators.py", line 29, in decorated_function
    return f(*args, **kwargs)
           ^^^^^^^^^^^^^^^^^^
  File "D:\SWL\app\admin\routes.py", line 150, in admin_dashboard
    ).join(ItemInstance).join(Loan).group_by(Catalog.title_or_name).order_by(func.count(Loan.id).desc()).limit(5).all()
                                                                                                                  ^^^^^
  File "D:\SWL\venv\Lib\site-packages\sqlalchemy\orm\query.py", line 2704, in all
    return self._iter().all()  # type: ignore
           ^^^^^^^^^^^^
  File "D:\SWL\venv\Lib\site-packages\sqlalchemy\orm\query.py", line 2857, in _iter
    result: Union[ScalarResult[_T], Result[_T]] = self.session.execute(
                                                  ^^^^^^^^^^^^^^^^^^^^^
  File "D:\SWL\venv\Lib\site-packages\sqlalchemy\orm\session.py", line 2351, in execute
    return self._execute_internal(
           ^^^^^^^^^^^^^^^^^^^^^^^
  File "D:\SWL\venv\Lib\site-packages\sqlalchemy\orm\session.py", line 2249, in _execute_internal
    result: Result[Any] = compile_state_cls.orm_execute_statement(
                          ^^^^^^^^^^^^^^^^^^^^^^^^^^^^^^^^^^^^^^^^
  File "D:\SWL\venv\Lib\site-packages\sqlalchemy\orm\context.py", line 306, in orm_execute_statement
    result = conn.execute(
             ^^^^^^^^^^^^^
  File "D:\SWL\venv\Lib\site-packages\sqlalchemy\engine\base.py", line 1419, in execute
    return meth(
           ^^^^^
  File "D:\SWL\venv\Lib\site-packages\sqlalchemy\sql\elements.py", line 527, in _execute_on_connection
    return connection._execute_clauseelement(
           ^^^^^^^^^^^^^^^^^^^^^^^^^^^^^^^^^^
  File "D:\SWL\venv\Lib\site-packages\sqlalchemy\engine\base.py", line 1633, in _execute_clauseelement
    compiled_sql, extracted_params, cache_hit = elem._compile_w_cache(
                                                ^^^^^^^^^^^^^^^^^^^^^^
  File "D:\SWL\venv\Lib\site-packages\sqlalchemy\sql\elements.py", line 716, in _compile_w_cache
    compiled_sql = self._compiler(
                   ^^^^^^^^^^^^^^^
  File "D:\SWL\venv\Lib\site-packages\sqlalchemy\sql\elements.py", line 324, in _compiler
    return dialect.statement_compiler(dialect, self, **kw)
           ^^^^^^^^^^^^^^^^^^^^^^^^^^^^^^^^^^^^^^^^^^^^^^^
  File "D:\SWL\venv\Lib\site-packages\sqlalchemy\sql\compiler.py", line 1461, in __init__
    Compiled.__init__(self, dialect, statement, **kwargs)
  File "D:\SWL\venv\Lib\site-packages\sqlalchemy\sql\compiler.py", line 901, in __init__
    self.string = self.process(self.statement, **compile_kwargs)
                  ^^^^^^^^^^^^^^^^^^^^^^^^^^^^^^^^^^^^^^^^^^^^^^
  File "D:\SWL\venv\Lib\site-packages\sqlalchemy\sql\compiler.py", line 947, in process
    return obj._compiler_dispatch(self, **kwargs)
           ^^^^^^^^^^^^^^^^^^^^^^^^^^^^^^^^^^^^^^
  File "D:\SWL\venv\Lib\site-packages\sqlalchemy\sql\visitors.py", line 138, in _compiler_dispatch
    return meth(self, **kw)  # type: ignore  # noqa: E501
           ^^^^^^^^^^^^^^^^
  File "D:\SWL\venv\Lib\site-packages\sqlalchemy\sql\compiler.py", line 4807, in visit_select
    compile_state = select_stmt._compile_state_factory(
                    ^^^^^^^^^^^^^^^^^^^^^^^^^^^^^^^^^^^
  File "D:\SWL\venv\Lib\site-packages\sqlalchemy\sql\base.py", line 775, in create_for_statement
    return klass.create_for_statement(statement, compiler, **kw)
           ^^^^^^^^^^^^^^^^^^^^^^^^^^^^^^^^^^^^^^^^^^^^^^^^^^^^^
  File "D:\SWL\venv\Lib\site-packages\sqlalchemy\orm\context.py", line 447, in create_for_statement
    return cls._create_orm_context(
           ^^^^^^^^^^^^^^^^^^^^^^^^
  File "D:\SWL\venv\Lib\site-packages\sqlalchemy\orm\context.py", line 1246, in _create_orm_context
    self._setup_for_generate()
  File "D:\SWL\venv\Lib\site-packages\sqlalchemy\orm\context.py", line 1281, in _setup_for_generate
    self._join(query._setup_joins, self._entities)
  File "D:\SWL\venv\Lib\site-packages\sqlalchemy\orm\context.py", line 1922, in _join
    self._join_left_to_right(
  File "D:\SWL\venv\Lib\site-packages\sqlalchemy\orm\context.py", line 1957, in _join_left_to_right
    ) = self._join_determine_implicit_left_side(
        ^^^^^^^^^^^^^^^^^^^^^^^^^^^^^^^^^^^^^^^^
  File "D:\SWL\venv\Lib\site-packages\sqlalchemy\orm\context.py", line 2112, in _join_determine_implicit_left_side
    raise sa_exc.InvalidRequestError(
sqlalchemy.exc.InvalidRequestError: Can't determine which FROM clause to join from, there are multiple FROMS which can join to this entity. Please use the .select_from() method to establish an explicit left side, as well as providing an explicit ON clause if not present already to help resolve the ambiguity.
2026-03-09 14:50:45,951 INFO: LMS Startup - Technical Specs Initialized [in D:\SWL\app\__init__.py:45]
2026-03-09 15:01:27,903 INFO: LMS Startup - Technical Specs Initialized [in D:\SWL\app\__init__.py:45]
2026-03-09 15:09:05,908 INFO: LMS Startup - Technical Specs Initialized [in D:\SWL\app\__init__.py:45]
2026-03-09 16:14:18,913 INFO: LMS Startup - Technical Specs Initialized [in D:\SWL\app\__init__.py:45]
2026-03-09 16:17:29,346 ERROR: Exception on /admin/instance/delete/1 [POST] [in D:\SWL\venv\Lib\site-packages\flask\app.py:875]
Traceback (most recent call last):
  File "D:\SWL\venv\Lib\site-packages\sqlalchemy\engine\base.py", line 1967, in _exec_single_context
    self.dialect.do_execute(
  File "D:\SWL\venv\Lib\site-packages\sqlalchemy\engine\default.py", line 952, in do_execute
    cursor.execute(statement, parameters)
psycopg2.errors.InvalidTextRepresentation: la sintaxis de entrada no es válida para el enum loan_status_enum: «pendiente»
LINE 3: WHERE 1 = loan.instance_id AND loan.status IN ('pendiente', ...
                                                       ^


The above exception was the direct cause of the following exception:

Traceback (most recent call last):
  File "D:\SWL\venv\Lib\site-packages\flask\app.py", line 1511, in wsgi_app
    response = self.full_dispatch_request()
               ^^^^^^^^^^^^^^^^^^^^^^^^^^^^
  File "D:\SWL\venv\Lib\site-packages\flask\app.py", line 919, in full_dispatch_request
    rv = self.handle_user_exception(e)
         ^^^^^^^^^^^^^^^^^^^^^^^^^^^^^
  File "D:\SWL\venv\Lib\site-packages\flask\app.py", line 917, in full_dispatch_request
    rv = self.dispatch_request()
         ^^^^^^^^^^^^^^^^^^^^^^^
  File "D:\SWL\venv\Lib\site-packages\flask\app.py", line 902, in dispatch_request
    return self.ensure_sync(self.view_functions[rule.endpoint])(**view_args)  # type: ignore[no-any-return]
           ^^^^^^^^^^^^^^^^^^^^^^^^^^^^^^^^^^^^^^^^^^^^^^^^^^^^^^^^^^^^^^^^^
  File "D:\SWL\app\utils\decorators.py", line 29, in decorated_function
    return f(*args, **kwargs)
           ^^^^^^^^^^^^^^^^^^
  File "D:\SWL\app\admin\routes.py", line 359, in instance_delete
    if instance.loans.filter(Loan.status.in_(['pendiente', 'activo', 'atrasado'])).first():
       ^^^^^^^^^^^^^^^^^^^^^^^^^^^^^^^^^^^^^^^^^^^^^^^^^^^^^^^^^^^^^^^^^^^^^^^^^^^^^^^^^^^
  File "D:\SWL\venv\Lib\site-packages\sqlalchemy\orm\query.py", line 2759, in first
    return self.limit(1)._iter().first()  # type: ignore
           ^^^^^^^^^^^^^^^^^^^^^
  File "D:\SWL\venv\Lib\site-packages\sqlalchemy\orm\query.py", line 2857, in _iter
    result: Union[ScalarResult[_T], Result[_T]] = self.session.execute(
                                                  ^^^^^^^^^^^^^^^^^^^^^
  File "D:\SWL\venv\Lib\site-packages\sqlalchemy\orm\session.py", line 2351, in execute
    return self._execute_internal(
           ^^^^^^^^^^^^^^^^^^^^^^^
  File "D:\SWL\venv\Lib\site-packages\sqlalchemy\orm\session.py", line 2249, in _execute_internal
    result: Result[Any] = compile_state_cls.orm_execute_statement(
                          ^^^^^^^^^^^^^^^^^^^^^^^^^^^^^^^^^^^^^^^^
  File "D:\SWL\venv\Lib\site-packages\sqlalchemy\orm\context.py", line 306, in orm_execute_statement
    result = conn.execute(
             ^^^^^^^^^^^^^
  File "D:\SWL\venv\Lib\site-packages\sqlalchemy\engine\base.py", line 1419, in execute
    return meth(
           ^^^^^
  File "D:\SWL\venv\Lib\site-packages\sqlalchemy\sql\elements.py", line 527, in _execute_on_connection
    return connection._execute_clauseelement(
           ^^^^^^^^^^^^^^^^^^^^^^^^^^^^^^^^^^
  File "D:\SWL\venv\Lib\site-packages\sqlalchemy\engine\base.py", line 1641, in _execute_clauseelement
    ret = self._execute_context(
          ^^^^^^^^^^^^^^^^^^^^^^
  File "D:\SWL\venv\Lib\site-packages\sqlalchemy\engine\base.py", line 1846, in _execute_context
    return self._exec_single_context(
           ^^^^^^^^^^^^^^^^^^^^^^^^^^
  File "D:\SWL\venv\Lib\site-packages\sqlalchemy\engine\base.py", line 1986, in _exec_single_context
    self._handle_dbapi_exception(
  File "D:\SWL\venv\Lib\site-packages\sqlalchemy\engine\base.py", line 2363, in _handle_dbapi_exception
    raise sqlalchemy_exception.with_traceback(exc_info[2]) from e
  File "D:\SWL\venv\Lib\site-packages\sqlalchemy\engine\base.py", line 1967, in _exec_single_context
    self.dialect.do_execute(
  File "D:\SWL\venv\Lib\site-packages\sqlalchemy\engine\default.py", line 952, in do_execute
    cursor.execute(statement, parameters)
sqlalchemy.exc.DataError: (psycopg2.errors.InvalidTextRepresentation) la sintaxis de entrada no es válida para el enum loan_status_enum: «pendiente»
LINE 3: WHERE 1 = loan.instance_id AND loan.status IN ('pendiente', ...
                                                       ^

[SQL: SELECT loan.id AS loan_id, loan.user_id AS loan_user_id, loan.instance_id AS loan_instance_id, loan.environment AS loan_environment, loan.request_date AS loan_request_date, loan.approval_date AS loan_approval_date, loan.due_date AS loan_due_date, loan.return_date AS loan_return_date, loan.status AS loan_status, loan.observation AS loan_observation, loan.final_penalty AS loan_final_penalty 
FROM loan 
WHERE %(param_1)s = loan.instance_id AND loan.status IN (%(status_1_1)s, %(status_1_2)s, %(status_1_3)s) 
 LIMIT %(param_2)s]
[parameters: {'param_1': 1, 'param_2': 1, 'status_1_1': 'pendiente', 'status_1_2': 'activo', 'status_1_3': 'atrasado'}]
(Background on this error at: https://sqlalche.me/e/20/9h9h)
2026-03-09 16:17:37,838 ERROR: Exception on /admin/instance/delete/1 [POST] [in D:\SWL\venv\Lib\site-packages\flask\app.py:875]
Traceback (most recent call last):
  File "D:\SWL\venv\Lib\site-packages\sqlalchemy\engine\base.py", line 1967, in _exec_single_context
    self.dialect.do_execute(
  File "D:\SWL\venv\Lib\site-packages\sqlalchemy\engine\default.py", line 952, in do_execute
    cursor.execute(statement, parameters)
psycopg2.errors.InvalidTextRepresentation: la sintaxis de entrada no es válida para el enum loan_status_enum: «pendiente»
LINE 3: WHERE 1 = loan.instance_id AND loan.status IN ('pendiente', ...
                                                       ^


The above exception was the direct cause of the following exception:

Traceback (most recent call last):
  File "D:\SWL\venv\Lib\site-packages\flask\app.py", line 1511, in wsgi_app
    response = self.full_dispatch_request()
               ^^^^^^^^^^^^^^^^^^^^^^^^^^^^
  File "D:\SWL\venv\Lib\site-packages\flask\app.py", line 919, in full_dispatch_request
    rv = self.handle_user_exception(e)
         ^^^^^^^^^^^^^^^^^^^^^^^^^^^^^
  File "D:\SWL\venv\Lib\site-packages\flask\app.py", line 917, in full_dispatch_request
    rv = self.dispatch_request()
         ^^^^^^^^^^^^^^^^^^^^^^^
  File "D:\SWL\venv\Lib\site-packages\flask\app.py", line 902, in dispatch_request
    return self.ensure_sync(self.view_functions[rule.endpoint])(**view_args)  # type: ignore[no-any-return]
           ^^^^^^^^^^^^^^^^^^^^^^^^^^^^^^^^^^^^^^^^^^^^^^^^^^^^^^^^^^^^^^^^^
  File "D:\SWL\app\utils\decorators.py", line 29, in decorated_function
    return f(*args, **kwargs)
           ^^^^^^^^^^^^^^^^^^
  File "D:\SWL\app\admin\routes.py", line 359, in instance_delete
    if instance.loans.filter(Loan.status.in_(['pendiente', 'activo', 'atrasado'])).first():
       ^^^^^^^^^^^^^^^^^^^^^^^^^^^^^^^^^^^^^^^^^^^^^^^^^^^^^^^^^^^^^^^^^^^^^^^^^^^^^^^^^^^
  File "D:\SWL\venv\Lib\site-packages\sqlalchemy\orm\query.py", line 2759, in first
    return self.limit(1)._iter().first()  # type: ignore
           ^^^^^^^^^^^^^^^^^^^^^
  File "D:\SWL\venv\Lib\site-packages\sqlalchemy\orm\query.py", line 2857, in _iter
    result: Union[ScalarResult[_T], Result[_T]] = self.session.execute(
                                                  ^^^^^^^^^^^^^^^^^^^^^
  File "D:\SWL\venv\Lib\site-packages\sqlalchemy\orm\session.py", line 2351, in execute
    return self._execute_internal(
           ^^^^^^^^^^^^^^^^^^^^^^^
  File "D:\SWL\venv\Lib\site-packages\sqlalchemy\orm\session.py", line 2249, in _execute_internal
    result: Result[Any] = compile_state_cls.orm_execute_statement(
                          ^^^^^^^^^^^^^^^^^^^^^^^^^^^^^^^^^^^^^^^^
  File "D:\SWL\venv\Lib\site-packages\sqlalchemy\orm\context.py", line 306, in orm_execute_statement
    result = conn.execute(
             ^^^^^^^^^^^^^
  File "D:\SWL\venv\Lib\site-packages\sqlalchemy\engine\base.py", line 1419, in execute
    return meth(
           ^^^^^
  File "D:\SWL\venv\Lib\site-packages\sqlalchemy\sql\elements.py", line 527, in _execute_on_connection
    return connection._execute_clauseelement(
           ^^^^^^^^^^^^^^^^^^^^^^^^^^^^^^^^^^
  File "D:\SWL\venv\Lib\site-packages\sqlalchemy\engine\base.py", line 1641, in _execute_clauseelement
    ret = self._execute_context(
          ^^^^^^^^^^^^^^^^^^^^^^
  File "D:\SWL\venv\Lib\site-packages\sqlalchemy\engine\base.py", line 1846, in _execute_context
    return self._exec_single_context(
           ^^^^^^^^^^^^^^^^^^^^^^^^^^
  File "D:\SWL\venv\Lib\site-packages\sqlalchemy\engine\base.py", line 1986, in _exec_single_context
    self._handle_dbapi_exception(
  File "D:\SWL\venv\Lib\site-packages\sqlalchemy\engine\base.py", line 2363, in _handle_dbapi_exception
    raise sqlalchemy_exception.with_traceback(exc_info[2]) from e
  File "D:\SWL\venv\Lib\site-packages\sqlalchemy\engine\base.py", line 1967, in _exec_single_context
    self.dialect.do_execute(
  File "D:\SWL\venv\Lib\site-packages\sqlalchemy\engine\default.py", line 952, in do_execute
    cursor.execute(statement, parameters)
sqlalchemy.exc.DataError: (psycopg2.errors.InvalidTextRepresentation) la sintaxis de entrada no es válida para el enum loan_status_enum: «pendiente»
LINE 3: WHERE 1 = loan.instance_id AND loan.status IN ('pendiente', ...
                                                       ^

[SQL: SELECT loan.id AS loan_id, loan.user_id AS loan_user_id, loan.instance_id AS loan_instance_id, loan.environment AS loan_environment, loan.request_date AS loan_request_date, loan.approval_date AS loan_approval_date, loan.due_date AS loan_due_date, loan.return_date AS loan_return_date, loan.status AS loan_status, loan.observation AS loan_observation, loan.final_penalty AS loan_final_penalty 
FROM loan 
WHERE %(param_1)s = loan.instance_id AND loan.status IN (%(status_1_1)s, %(status_1_2)s, %(status_1_3)s) 
 LIMIT %(param_2)s]
[parameters: {'param_1': 1, 'param_2': 1, 'status_1_1': 'pendiente', 'status_1_2': 'activo', 'status_1_3': 'atrasado'}]
(Background on this error at: https://sqlalche.me/e/20/9h9h)
2026-03-09 16:30:55,145 ERROR: Exception on /admin/instance/delete/1 [POST] [in D:\SWL\venv\Lib\site-packages\flask\app.py:875]
Traceback (most recent call last):
  File "D:\SWL\venv\Lib\site-packages\sqlalchemy\engine\base.py", line 1967, in _exec_single_context
    self.dialect.do_execute(
  File "D:\SWL\venv\Lib\site-packages\sqlalchemy\engine\default.py", line 952, in do_execute
    cursor.execute(statement, parameters)
psycopg2.errors.InvalidTextRepresentation: la sintaxis de entrada no es válida para el enum loan_status_enum: «pendiente»
LINE 3: WHERE 1 = loan.instance_id AND loan.status IN ('pendiente', ...
                                                       ^


The above exception was the direct cause of the following exception:

Traceback (most recent call last):
  File "D:\SWL\venv\Lib\site-packages\flask\app.py", line 1511, in wsgi_app
    response = self.full_dispatch_request()
               ^^^^^^^^^^^^^^^^^^^^^^^^^^^^
  File "D:\SWL\venv\Lib\site-packages\flask\app.py", line 919, in full_dispatch_request
    rv = self.handle_user_exception(e)
         ^^^^^^^^^^^^^^^^^^^^^^^^^^^^^
  File "D:\SWL\venv\Lib\site-packages\flask\app.py", line 917, in full_dispatch_request
    rv = self.dispatch_request()
         ^^^^^^^^^^^^^^^^^^^^^^^
  File "D:\SWL\venv\Lib\site-packages\flask\app.py", line 902, in dispatch_request
    return self.ensure_sync(self.view_functions[rule.endpoint])(**view_args)  # type: ignore[no-any-return]
           ^^^^^^^^^^^^^^^^^^^^^^^^^^^^^^^^^^^^^^^^^^^^^^^^^^^^^^^^^^^^^^^^^
  File "D:\SWL\app\utils\decorators.py", line 29, in decorated_function
    return f(*args, **kwargs)
           ^^^^^^^^^^^^^^^^^^
  File "D:\SWL\app\admin\routes.py", line 359, in instance_delete
  File "D:\SWL\venv\Lib\site-packages\sqlalchemy\orm\query.py", line 2759, in first
    return self.limit(1)._iter().first()  # type: ignore
           ^^^^^^^^^^^^^^^^^^^^^
  File "D:\SWL\venv\Lib\site-packages\sqlalchemy\orm\query.py", line 2857, in _iter
    result: Union[ScalarResult[_T], Result[_T]] = self.session.execute(
                                                  ^^^^^^^^^^^^^^^^^^^^^
  File "D:\SWL\venv\Lib\site-packages\sqlalchemy\orm\session.py", line 2351, in execute
    return self._execute_internal(
           ^^^^^^^^^^^^^^^^^^^^^^^
  File "D:\SWL\venv\Lib\site-packages\sqlalchemy\orm\session.py", line 2249, in _execute_internal
    result: Result[Any] = compile_state_cls.orm_execute_statement(
                          ^^^^^^^^^^^^^^^^^^^^^^^^^^^^^^^^^^^^^^^^
  File "D:\SWL\venv\Lib\site-packages\sqlalchemy\orm\context.py", line 306, in orm_execute_statement
    result = conn.execute(
             ^^^^^^^^^^^^^
  File "D:\SWL\venv\Lib\site-packages\sqlalchemy\engine\base.py", line 1419, in execute
    return meth(
           ^^^^^
  File "D:\SWL\venv\Lib\site-packages\sqlalchemy\sql\elements.py", line 527, in _execute_on_connection
    return connection._execute_clauseelement(
           ^^^^^^^^^^^^^^^^^^^^^^^^^^^^^^^^^^
  File "D:\SWL\venv\Lib\site-packages\sqlalchemy\engine\base.py", line 1641, in _execute_clauseelement
    ret = self._execute_context(
          ^^^^^^^^^^^^^^^^^^^^^^
  File "D:\SWL\venv\Lib\site-packages\sqlalchemy\engine\base.py", line 1846, in _execute_context
    return self._exec_single_context(
           ^^^^^^^^^^^^^^^^^^^^^^^^^^
  File "D:\SWL\venv\Lib\site-packages\sqlalchemy\engine\base.py", line 1986, in _exec_single_context
    self._handle_dbapi_exception(
  File "D:\SWL\venv\Lib\site-packages\sqlalchemy\engine\base.py", line 2363, in _handle_dbapi_exception
    raise sqlalchemy_exception.with_traceback(exc_info[2]) from e
  File "D:\SWL\venv\Lib\site-packages\sqlalchemy\engine\base.py", line 1967, in _exec_single_context
    self.dialect.do_execute(
  File "D:\SWL\venv\Lib\site-packages\sqlalchemy\engine\default.py", line 952, in do_execute
    cursor.execute(statement, parameters)
sqlalchemy.exc.DataError: (psycopg2.errors.InvalidTextRepresentation) la sintaxis de entrada no es válida para el enum loan_status_enum: «pendiente»
LINE 3: WHERE 1 = loan.instance_id AND loan.status IN ('pendiente', ...
                                                       ^

[SQL: SELECT loan.id AS loan_id, loan.user_id AS loan_user_id, loan.instance_id AS loan_instance_id, loan.environment AS loan_environment, loan.request_date AS loan_request_date, loan.approval_date AS loan_approval_date, loan.due_date AS loan_due_date, loan.return_date AS loan_return_date, loan.status AS loan_status, loan.observation AS loan_observation, loan.final_penalty AS loan_final_penalty 
FROM loan 
WHERE %(param_1)s = loan.instance_id AND loan.status IN (%(status_1_1)s, %(status_1_2)s, %(status_1_3)s) 
 LIMIT %(param_2)s]
[parameters: {'param_1': 1, 'param_2': 1, 'status_1_1': 'pendiente', 'status_1_2': 'activo', 'status_1_3': 'atrasado'}]
(Background on this error at: https://sqlalche.me/e/20/9h9h)
2026-03-09 16:30:58,185 ERROR: Exception on /admin/instance/delete/1 [POST] [in D:\SWL\venv\Lib\site-packages\flask\app.py:875]
Traceback (most recent call last):
  File "D:\SWL\venv\Lib\site-packages\sqlalchemy\engine\base.py", line 1967, in _exec_single_context
    self.dialect.do_execute(
  File "D:\SWL\venv\Lib\site-packages\sqlalchemy\engine\default.py", line 952, in do_execute
    cursor.execute(statement, parameters)
psycopg2.errors.InvalidTextRepresentation: la sintaxis de entrada no es válida para el enum loan_status_enum: «pendiente»
LINE 3: WHERE 1 = loan.instance_id AND loan.status IN ('pendiente', ...
                                                       ^


The above exception was the direct cause of the following exception:

Traceback (most recent call last):
  File "D:\SWL\venv\Lib\site-packages\flask\app.py", line 1511, in wsgi_app
    response = self.full_dispatch_request()
               ^^^^^^^^^^^^^^^^^^^^^^^^^^^^
  File "D:\SWL\venv\Lib\site-packages\flask\app.py", line 919, in full_dispatch_request
    rv = self.handle_user_exception(e)
         ^^^^^^^^^^^^^^^^^^^^^^^^^^^^^
  File "D:\SWL\venv\Lib\site-packages\flask\app.py", line 917, in full_dispatch_request
    rv = self.dispatch_request()
         ^^^^^^^^^^^^^^^^^^^^^^^
  File "D:\SWL\venv\Lib\site-packages\flask\app.py", line 902, in dispatch_request
    return self.ensure_sync(self.view_functions[rule.endpoint])(**view_args)  # type: ignore[no-any-return]
           ^^^^^^^^^^^^^^^^^^^^^^^^^^^^^^^^^^^^^^^^^^^^^^^^^^^^^^^^^^^^^^^^^
  File "D:\SWL\app\utils\decorators.py", line 29, in decorated_function
    return f(*args, **kwargs)
           ^^^^^^^^^^^^^^^^^^
  File "D:\SWL\app\admin\routes.py", line 359, in instance_delete
  File "D:\SWL\venv\Lib\site-packages\sqlalchemy\orm\query.py", line 2759, in first
    return self.limit(1)._iter().first()  # type: ignore
           ^^^^^^^^^^^^^^^^^^^^^
  File "D:\SWL\venv\Lib\site-packages\sqlalchemy\orm\query.py", line 2857, in _iter
    result: Union[ScalarResult[_T], Result[_T]] = self.session.execute(
                                                  ^^^^^^^^^^^^^^^^^^^^^
  File "D:\SWL\venv\Lib\site-packages\sqlalchemy\orm\session.py", line 2351, in execute
    return self._execute_internal(
           ^^^^^^^^^^^^^^^^^^^^^^^
  File "D:\SWL\venv\Lib\site-packages\sqlalchemy\orm\session.py", line 2249, in _execute_internal
    result: Result[Any] = compile_state_cls.orm_execute_statement(
                          ^^^^^^^^^^^^^^^^^^^^^^^^^^^^^^^^^^^^^^^^
  File "D:\SWL\venv\Lib\site-packages\sqlalchemy\orm\context.py", line 306, in orm_execute_statement
    result = conn.execute(
             ^^^^^^^^^^^^^
  File "D:\SWL\venv\Lib\site-packages\sqlalchemy\engine\base.py", line 1419, in execute
    return meth(
           ^^^^^
  File "D:\SWL\venv\Lib\site-packages\sqlalchemy\sql\elements.py", line 527, in _execute_on_connection
    return connection._execute_clauseelement(
           ^^^^^^^^^^^^^^^^^^^^^^^^^^^^^^^^^^
  File "D:\SWL\venv\Lib\site-packages\sqlalchemy\engine\base.py", line 1641, in _execute_clauseelement
    ret = self._execute_context(
          ^^^^^^^^^^^^^^^^^^^^^^
  File "D:\SWL\venv\Lib\site-packages\sqlalchemy\engine\base.py", line 1846, in _execute_context
    return self._exec_single_context(
           ^^^^^^^^^^^^^^^^^^^^^^^^^^
  File "D:\SWL\venv\Lib\site-packages\sqlalchemy\engine\base.py", line 1986, in _exec_single_context
    self._handle_dbapi_exception(
  File "D:\SWL\venv\Lib\site-packages\sqlalchemy\engine\base.py", line 2363, in _handle_dbapi_exception
    raise sqlalchemy_exception.with_traceback(exc_info[2]) from e
  File "D:\SWL\venv\Lib\site-packages\sqlalchemy\engine\base.py", line 1967, in _exec_single_context
    self.dialect.do_execute(
  File "D:\SWL\venv\Lib\site-packages\sqlalchemy\engine\default.py", line 952, in do_execute
    cursor.execute(statement, parameters)
sqlalchemy.exc.DataError: (psycopg2.errors.InvalidTextRepresentation) la sintaxis de entrada no es válida para el enum loan_status_enum: «pendiente»
LINE 3: WHERE 1 = loan.instance_id AND loan.status IN ('pendiente', ...
                                                       ^

[SQL: SELECT loan.id AS loan_id, loan.user_id AS loan_user_id, loan.instance_id AS loan_instance_id, loan.environment AS loan_environment, loan.request_date AS loan_request_date, loan.approval_date AS loan_approval_date, loan.due_date AS loan_due_date, loan.return_date AS loan_return_date, loan.status AS loan_status, loan.observation AS loan_observation, loan.final_penalty AS loan_final_penalty 
FROM loan 
WHERE %(param_1)s = loan.instance_id AND loan.status IN (%(status_1_1)s, %(status_1_2)s, %(status_1_3)s) 
 LIMIT %(param_2)s]
[parameters: {'param_1': 1, 'param_2': 1, 'status_1_1': 'pendiente', 'status_1_2': 'activo', 'status_1_3': 'atrasado'}]
(Background on this error at: https://sqlalche.me/e/20/9h9h)
2026-03-09 16:31:10,925 INFO: LMS Startup - Technical Specs Initialized [in D:\SWL\app\__init__.py:45]
2026-03-09 16:41:07,170 INFO: LMS Startup - Technical Specs Initialized [in D:\SWL\app\__init__.py:45]
2026-03-09 16:42:38,539 INFO: Préstamo(s) creado(s) — user_id=3, catalog_id=4, qty=1, due=2026-03-24T21:42:38.520579+00:00 [in D:\SWL\app\services\loan_service.py:145]
2026-03-09 16:45:24,952 INFO: Préstamo(s) creado(s) — user_id=2, catalog_id=4, qty=1, due=2026-03-24T21:45:24.948685+00:00 [in D:\SWL\app\services\loan_service.py:145]
2026-03-11 15:05:40,964 INFO: LMS Startup - Technical Specs Initialized [in C:\SWL\app\__init__.py:45]
2026-03-11 15:06:04,359 INFO: LMS Startup - Technical Specs Initialized [in C:\SWL\app\__init__.py:45]
2026-03-11 15:06:25,264 INFO: LMS Startup - Technical Specs Initialized [in C:\SWL\app\__init__.py:45]
2026-03-11 15:06:33,548 INFO: LMS Startup - Technical Specs Initialized [in C:\SWL\app\__init__.py:45]
2026-03-11 15:06:56,766 INFO: LMS Startup - Technical Specs Initialized [in C:\SWL\app\__init__.py:45]
2026-03-11 15:07:06,154 INFO: LMS Startup - Technical Specs Initialized [in C:\SWL\app\__init__.py:45]
2026-03-11 15:09:44,428 INFO: LMS Startup - Technical Specs Initialized [in C:\SWL\app\__init__.py:45]
2026-03-11 15:10:02,251 ERROR: Exception on /auth/login [POST] [in C:\SWL\venv\Lib\site-packages\flask\app.py:875]
Traceback (most recent call last):
  File "C:\SWL\venv\Lib\site-packages\sqlalchemy\engine\base.py", line 1967, in _exec_single_context
    self.dialect.do_execute(
    ~~~~~~~~~~~~~~~~~~~~~~~^
        cursor, str_statement, effective_parameters, context
        ^^^^^^^^^^^^^^^^^^^^^^^^^^^^^^^^^^^^^^^^^^^^^^^^^^^^
    )
    ^
  File "C:\SWL\venv\Lib\site-packages\sqlalchemy\engine\default.py", line 952, in do_execute
    cursor.execute(statement, parameters)
    ~~~~~~~~~~~~~~^^^^^^^^^^^^^^^^^^^^^^^
psycopg2.errors.UndefinedTable: no existe la relación «user»
LINE 2: FROM "user" 
             ^


The above exception was the direct cause of the following exception:

Traceback (most recent call last):
  File "C:\SWL\venv\Lib\site-packages\flask\app.py", line 1511, in wsgi_app
    response = self.full_dispatch_request()
  File "C:\SWL\venv\Lib\site-packages\flask\app.py", line 919, in full_dispatch_request
    rv = self.handle_user_exception(e)
  File "C:\SWL\venv\Lib\site-packages\flask\app.py", line 917, in full_dispatch_request
    rv = self.dispatch_request()
  File "C:\SWL\venv\Lib\site-packages\flask\app.py", line 902, in dispatch_request
    return self.ensure_sync(self.view_functions[rule.endpoint])(**view_args)  # type: ignore[no-any-return]
           ~~~~~~~~~~~~~~~~~~~~~~~~~~~~~~~~~~~~~~~~~~~~~~~~~~~~^^^^^^^^^^^^^
  File "C:\SWL\app\auth\routes.py", line 17, in login
    user = User.query.filter_by(document_id=form.document_id.data).first()
  File "C:\SWL\venv\Lib\site-packages\sqlalchemy\orm\query.py", line 2759, in first
    return self.limit(1)._iter().first()  # type: ignore
           ~~~~~~~~~~~~~~~~~~~^^
  File "C:\SWL\venv\Lib\site-packages\sqlalchemy\orm\query.py", line 2857, in _iter
    result: Union[ScalarResult[_T], Result[_T]] = self.session.execute(
                                                  ~~~~~~~~~~~~~~~~~~~~^
        statement,
        ^^^^^^^^^^
        params,
        ^^^^^^^
        execution_options={"_sa_orm_load_options": self.load_options},
        ^^^^^^^^^^^^^^^^^^^^^^^^^^^^^^^^^^^^^^^^^^^^^^^^^^^^^^^^^^^^^^
    )
    ^
  File "C:\SWL\venv\Lib\site-packages\sqlalchemy\orm\session.py", line 2351, in execute
    return self._execute_internal(
           ~~~~~~~~~~~~~~~~~~~~~~^
        statement,
        ^^^^^^^^^^
    ...<4 lines>...
        _add_event=_add_event,
        ^^^^^^^^^^^^^^^^^^^^^^
    )
    ^
  File "C:\SWL\venv\Lib\site-packages\sqlalchemy\orm\session.py", line 2249, in _execute_internal
    result: Result[Any] = compile_state_cls.orm_execute_statement(
                          ~~~~~~~~~~~~~~~~~~~~~~~~~~~~~~~~~~~~~~~^
        self,
        ^^^^^
    ...<4 lines>...
        conn,
        ^^^^^
    )
    ^
  File "C:\SWL\venv\Lib\site-packages\sqlalchemy\orm\context.py", line 306, in orm_execute_statement
    result = conn.execute(
        statement, params or {}, execution_options=execution_options
    )
  File "C:\SWL\venv\Lib\site-packages\sqlalchemy\engine\base.py", line 1419, in execute
    return meth(
        self,
        distilled_parameters,
        execution_options or NO_OPTIONS,
    )
  File "C:\SWL\venv\Lib\site-packages\sqlalchemy\sql\elements.py", line 527, in _execute_on_connection
    return connection._execute_clauseelement(
           ~~~~~~~~~~~~~~~~~~~~~~~~~~~~~~~~~^
        self, distilled_params, execution_options
        ^^^^^^^^^^^^^^^^^^^^^^^^^^^^^^^^^^^^^^^^^
    )
    ^
  File "C:\SWL\venv\Lib\site-packages\sqlalchemy\engine\base.py", line 1641, in _execute_clauseelement
    ret = self._execute_context(
        dialect,
    ...<8 lines>...
        cache_hit=cache_hit,
    )
  File "C:\SWL\venv\Lib\site-packages\sqlalchemy\engine\base.py", line 1846, in _execute_context
    return self._exec_single_context(
           ~~~~~~~~~~~~~~~~~~~~~~~~~^
        dialect, context, statement, parameters
        ^^^^^^^^^^^^^^^^^^^^^^^^^^^^^^^^^^^^^^^
    )
    ^
  File "C:\SWL\venv\Lib\site-packages\sqlalchemy\engine\base.py", line 1986, in _exec_single_context
    self._handle_dbapi_exception(
    ~~~~~~~~~~~~~~~~~~~~~~~~~~~~^
        e, str_statement, effective_parameters, cursor, context
        ^^^^^^^^^^^^^^^^^^^^^^^^^^^^^^^^^^^^^^^^^^^^^^^^^^^^^^^
    )
    ^
  File "C:\SWL\venv\Lib\site-packages\sqlalchemy\engine\base.py", line 2363, in _handle_dbapi_exception
    raise sqlalchemy_exception.with_traceback(exc_info[2]) from e
  File "C:\SWL\venv\Lib\site-packages\sqlalchemy\engine\base.py", line 1967, in _exec_single_context
    self.dialect.do_execute(
    ~~~~~~~~~~~~~~~~~~~~~~~^
        cursor, str_statement, effective_parameters, context
        ^^^^^^^^^^^^^^^^^^^^^^^^^^^^^^^^^^^^^^^^^^^^^^^^^^^^
    )
    ^
  File "C:\SWL\venv\Lib\site-packages\sqlalchemy\engine\default.py", line 952, in do_execute
    cursor.execute(statement, parameters)
    ~~~~~~~~~~~~~~^^^^^^^^^^^^^^^^^^^^^^^
sqlalchemy.exc.ProgrammingError: (psycopg2.errors.UndefinedTable) no existe la relación «user»
LINE 2: FROM "user" 
             ^

[SQL: SELECT "user".id AS user_id, "user".email AS user_email, "user".document_id AS user_document_id, "user".full_name AS user_full_name, "user".phone AS user_phone, "user".role AS user_role, "user".program_name AS user_program_name, "user".password_hash AS user_password_hash 
FROM "user" 
WHERE "user".document_id = %(document_id_1)s 
 LIMIT %(param_1)s]
[parameters: {'document_id_1': '000000000', 'param_1': 1}]
(Background on this error at: https://sqlalche.me/e/20/f405)
2026-03-11 15:10:13,351 ERROR: Exception on /auth/login [POST] [in C:\SWL\venv\Lib\site-packages\flask\app.py:875]
Traceback (most recent call last):
  File "C:\SWL\venv\Lib\site-packages\sqlalchemy\engine\base.py", line 1967, in _exec_single_context
    self.dialect.do_execute(
    ~~~~~~~~~~~~~~~~~~~~~~~^
        cursor, str_statement, effective_parameters, context
        ^^^^^^^^^^^^^^^^^^^^^^^^^^^^^^^^^^^^^^^^^^^^^^^^^^^^
    )
    ^
  File "C:\SWL\venv\Lib\site-packages\sqlalchemy\engine\default.py", line 952, in do_execute
    cursor.execute(statement, parameters)
    ~~~~~~~~~~~~~~^^^^^^^^^^^^^^^^^^^^^^^
psycopg2.errors.UndefinedTable: no existe la relación «user»
LINE 2: FROM "user" 
             ^


The above exception was the direct cause of the following exception:

Traceback (most recent call last):
  File "C:\SWL\venv\Lib\site-packages\flask\app.py", line 1511, in wsgi_app
    response = self.full_dispatch_request()
  File "C:\SWL\venv\Lib\site-packages\flask\app.py", line 919, in full_dispatch_request
    rv = self.handle_user_exception(e)
  File "C:\SWL\venv\Lib\site-packages\flask\app.py", line 917, in full_dispatch_request
    rv = self.dispatch_request()
  File "C:\SWL\venv\Lib\site-packages\flask\app.py", line 902, in dispatch_request
    return self.ensure_sync(self.view_functions[rule.endpoint])(**view_args)  # type: ignore[no-any-return]
           ~~~~~~~~~~~~~~~~~~~~~~~~~~~~~~~~~~~~~~~~~~~~~~~~~~~~^^^^^^^^^^^^^
  File "C:\SWL\app\auth\routes.py", line 17, in login
    user = User.query.filter_by(document_id=form.document_id.data).first()
  File "C:\SWL\venv\Lib\site-packages\sqlalchemy\orm\query.py", line 2759, in first
    return self.limit(1)._iter().first()  # type: ignore
           ~~~~~~~~~~~~~~~~~~~^^
  File "C:\SWL\venv\Lib\site-packages\sqlalchemy\orm\query.py", line 2857, in _iter
    result: Union[ScalarResult[_T], Result[_T]] = self.session.execute(
                                                  ~~~~~~~~~~~~~~~~~~~~^
        statement,
        ^^^^^^^^^^
        params,
        ^^^^^^^
        execution_options={"_sa_orm_load_options": self.load_options},
        ^^^^^^^^^^^^^^^^^^^^^^^^^^^^^^^^^^^^^^^^^^^^^^^^^^^^^^^^^^^^^^
    )
    ^
  File "C:\SWL\venv\Lib\site-packages\sqlalchemy\orm\session.py", line 2351, in execute
    return self._execute_internal(
           ~~~~~~~~~~~~~~~~~~~~~~^
        statement,
        ^^^^^^^^^^
    ...<4 lines>...
        _add_event=_add_event,
        ^^^^^^^^^^^^^^^^^^^^^^
    )
    ^
  File "C:\SWL\venv\Lib\site-packages\sqlalchemy\orm\session.py", line 2249, in _execute_internal
    result: Result[Any] = compile_state_cls.orm_execute_statement(
                          ~~~~~~~~~~~~~~~~~~~~~~~~~~~~~~~~~~~~~~~^
        self,
        ^^^^^
    ...<4 lines>...
        conn,
        ^^^^^
    )
    ^
  File "C:\SWL\venv\Lib\site-packages\sqlalchemy\orm\context.py", line 306, in orm_execute_statement
    result = conn.execute(
        statement, params or {}, execution_options=execution_options
    )
  File "C:\SWL\venv\Lib\site-packages\sqlalchemy\engine\base.py", line 1419, in execute
    return meth(
        self,
        distilled_parameters,
        execution_options or NO_OPTIONS,
    )
  File "C:\SWL\venv\Lib\site-packages\sqlalchemy\sql\elements.py", line 527, in _execute_on_connection
    return connection._execute_clauseelement(
           ~~~~~~~~~~~~~~~~~~~~~~~~~~~~~~~~~^
        self, distilled_params, execution_options
        ^^^^^^^^^^^^^^^^^^^^^^^^^^^^^^^^^^^^^^^^^
    )
    ^
  File "C:\SWL\venv\Lib\site-packages\sqlalchemy\engine\base.py", line 1641, in _execute_clauseelement
    ret = self._execute_context(
        dialect,
    ...<8 lines>...
        cache_hit=cache_hit,
    )
  File "C:\SWL\venv\Lib\site-packages\sqlalchemy\engine\base.py", line 1846, in _execute_context
    return self._exec_single_context(
           ~~~~~~~~~~~~~~~~~~~~~~~~~^
        dialect, context, statement, parameters
        ^^^^^^^^^^^^^^^^^^^^^^^^^^^^^^^^^^^^^^^
    )
    ^
  File "C:\SWL\venv\Lib\site-packages\sqlalchemy\engine\base.py", line 1986, in _exec_single_context
    self._handle_dbapi_exception(
    ~~~~~~~~~~~~~~~~~~~~~~~~~~~~^
        e, str_statement, effective_parameters, cursor, context
        ^^^^^^^^^^^^^^^^^^^^^^^^^^^^^^^^^^^^^^^^^^^^^^^^^^^^^^^
    )
    ^
  File "C:\SWL\venv\Lib\site-packages\sqlalchemy\engine\base.py", line 2363, in _handle_dbapi_exception
    raise sqlalchemy_exception.with_traceback(exc_info[2]) from e
  File "C:\SWL\venv\Lib\site-packages\sqlalchemy\engine\base.py", line 1967, in _exec_single_context
    self.dialect.do_execute(
    ~~~~~~~~~~~~~~~~~~~~~~~^
        cursor, str_statement, effective_parameters, context
        ^^^^^^^^^^^^^^^^^^^^^^^^^^^^^^^^^^^^^^^^^^^^^^^^^^^^
    )
    ^
  File "C:\SWL\venv\Lib\site-packages\sqlalchemy\engine\default.py", line 952, in do_execute
    cursor.execute(statement, parameters)
    ~~~~~~~~~~~~~~^^^^^^^^^^^^^^^^^^^^^^^
sqlalchemy.exc.ProgrammingError: (psycopg2.errors.UndefinedTable) no existe la relación «user»
LINE 2: FROM "user" 
             ^

[SQL: SELECT "user".id AS user_id, "user".email AS user_email, "user".document_id AS user_document_id, "user".full_name AS user_full_name, "user".phone AS user_phone, "user".role AS user_role, "user".program_name AS user_program_name, "user".password_hash AS user_password_hash 
FROM "user" 
WHERE "user".document_id = %(document_id_1)s 
 LIMIT %(param_1)s]
[parameters: {'document_id_1': '0000000000', 'param_1': 1}]
(Background on this error at: https://sqlalche.me/e/20/f405)
2026-03-11 15:10:49,690 ERROR: Exception on /auth/register [POST] [in C:\SWL\venv\Lib\site-packages\flask\app.py:875]
Traceback (most recent call last):
  File "C:\SWL\venv\Lib\site-packages\sqlalchemy\engine\base.py", line 1967, in _exec_single_context
    self.dialect.do_execute(
    ~~~~~~~~~~~~~~~~~~~~~~~^
        cursor, str_statement, effective_parameters, context
        ^^^^^^^^^^^^^^^^^^^^^^^^^^^^^^^^^^^^^^^^^^^^^^^^^^^^
    )
    ^
  File "C:\SWL\venv\Lib\site-packages\sqlalchemy\engine\default.py", line 952, in do_execute
    cursor.execute(statement, parameters)
    ~~~~~~~~~~~~~~^^^^^^^^^^^^^^^^^^^^^^^
psycopg2.errors.UndefinedTable: no existe la relación «user»
LINE 2: FROM "user" 
             ^


The above exception was the direct cause of the following exception:

Traceback (most recent call last):
  File "C:\SWL\venv\Lib\site-packages\flask\app.py", line 1511, in wsgi_app
    response = self.full_dispatch_request()
  File "C:\SWL\venv\Lib\site-packages\flask\app.py", line 919, in full_dispatch_request
    rv = self.handle_user_exception(e)
  File "C:\SWL\venv\Lib\site-packages\flask\app.py", line 917, in full_dispatch_request
    rv = self.dispatch_request()
  File "C:\SWL\venv\Lib\site-packages\flask\app.py", line 902, in dispatch_request
    return self.ensure_sync(self.view_functions[rule.endpoint])(**view_args)  # type: ignore[no-any-return]
           ~~~~~~~~~~~~~~~~~~~~~~~~~~~~~~~~~~~~~~~~~~~~~~~~~~~~^^^^^^^^^^^^^
  File "C:\SWL\app\auth\routes.py", line 50, in register
    if User.query.filter_by(document_id=form.document_id.data).first():
       ~~~~~~~~~~~~~~~~~~~~~~~~~~~~~~~~~~~~~~~~~~~~~~~~~~~~~~~~~~~~~^^
  File "C:\SWL\venv\Lib\site-packages\sqlalchemy\orm\query.py", line 2759, in first
    return self.limit(1)._iter().first()  # type: ignore
           ~~~~~~~~~~~~~~~~~~~^^
  File "C:\SWL\venv\Lib\site-packages\sqlalchemy\orm\query.py", line 2857, in _iter
    result: Union[ScalarResult[_T], Result[_T]] = self.session.execute(
                                                  ~~~~~~~~~~~~~~~~~~~~^
        statement,
        ^^^^^^^^^^
        params,
        ^^^^^^^
        execution_options={"_sa_orm_load_options": self.load_options},
        ^^^^^^^^^^^^^^^^^^^^^^^^^^^^^^^^^^^^^^^^^^^^^^^^^^^^^^^^^^^^^^
    )
    ^
  File "C:\SWL\venv\Lib\site-packages\sqlalchemy\orm\session.py", line 2351, in execute
    return self._execute_internal(
           ~~~~~~~~~~~~~~~~~~~~~~^
        statement,
        ^^^^^^^^^^
    ...<4 lines>...
        _add_event=_add_event,
        ^^^^^^^^^^^^^^^^^^^^^^
    )
    ^
  File "C:\SWL\venv\Lib\site-packages\sqlalchemy\orm\session.py", line 2249, in _execute_internal
    result: Result[Any] = compile_state_cls.orm_execute_statement(
                          ~~~~~~~~~~~~~~~~~~~~~~~~~~~~~~~~~~~~~~~^
        self,
        ^^^^^
    ...<4 lines>...
        conn,
        ^^^^^
    )
    ^
  File "C:\SWL\venv\Lib\site-packages\sqlalchemy\orm\context.py", line 306, in orm_execute_statement
    result = conn.execute(
        statement, params or {}, execution_options=execution_options
    )
  File "C:\SWL\venv\Lib\site-packages\sqlalchemy\engine\base.py", line 1419, in execute
    return meth(
        self,
        distilled_parameters,
        execution_options or NO_OPTIONS,
    )
  File "C:\SWL\venv\Lib\site-packages\sqlalchemy\sql\elements.py", line 527, in _execute_on_connection
    return connection._execute_clauseelement(
           ~~~~~~~~~~~~~~~~~~~~~~~~~~~~~~~~~^
        self, distilled_params, execution_options
        ^^^^^^^^^^^^^^^^^^^^^^^^^^^^^^^^^^^^^^^^^
    )
    ^
  File "C:\SWL\venv\Lib\site-packages\sqlalchemy\engine\base.py", line 1641, in _execute_clauseelement
    ret = self._execute_context(
        dialect,
    ...<8 lines>...
        cache_hit=cache_hit,
    )
  File "C:\SWL\venv\Lib\site-packages\sqlalchemy\engine\base.py", line 1846, in _execute_context
    return self._exec_single_context(
           ~~~~~~~~~~~~~~~~~~~~~~~~~^
        dialect, context, statement, parameters
        ^^^^^^^^^^^^^^^^^^^^^^^^^^^^^^^^^^^^^^^
    )
    ^
  File "C:\SWL\venv\Lib\site-packages\sqlalchemy\engine\base.py", line 1986, in _exec_single_context
    self._handle_dbapi_exception(
    ~~~~~~~~~~~~~~~~~~~~~~~~~~~~^
        e, str_statement, effective_parameters, cursor, context
        ^^^^^^^^^^^^^^^^^^^^^^^^^^^^^^^^^^^^^^^^^^^^^^^^^^^^^^^
    )
    ^
  File "C:\SWL\venv\Lib\site-packages\sqlalchemy\engine\base.py", line 2363, in _handle_dbapi_exception
    raise sqlalchemy_exception.with_traceback(exc_info[2]) from e
  File "C:\SWL\venv\Lib\site-packages\sqlalchemy\engine\base.py", line 1967, in _exec_single_context
    self.dialect.do_execute(
    ~~~~~~~~~~~~~~~~~~~~~~~^
        cursor, str_statement, effective_parameters, context
        ^^^^^^^^^^^^^^^^^^^^^^^^^^^^^^^^^^^^^^^^^^^^^^^^^^^^
    )
    ^
  File "C:\SWL\venv\Lib\site-packages\sqlalchemy\engine\default.py", line 952, in do_execute
    cursor.execute(statement, parameters)
    ~~~~~~~~~~~~~~^^^^^^^^^^^^^^^^^^^^^^^
sqlalchemy.exc.ProgrammingError: (psycopg2.errors.UndefinedTable) no existe la relación «user»
LINE 2: FROM "user" 
             ^

[SQL: SELECT "user".id AS user_id, "user".email AS user_email, "user".document_id AS user_document_id, "user".full_name AS user_full_name, "user".phone AS user_phone, "user".role AS user_role, "user".program_name AS user_program_name, "user".password_hash AS user_password_hash 
FROM "user" 
WHERE "user".document_id = %(document_id_1)s 
 LIMIT %(param_1)s]
[parameters: {'document_id_1': '1013120394', 'param_1': 1}]
(Background on this error at: https://sqlalche.me/e/20/f405)
2026-03-11 15:13:13,621 INFO: LMS Startup - Technical Specs Initialized [in C:\SWL\app\__init__.py:45]
2026-03-11 15:13:21,547 INFO: LMS Startup - Technical Specs Initialized [in C:\SWL\app\__init__.py:45]
2026-03-11 15:13:24,295 INFO: LMS Startup - Technical Specs Initialized [in C:\SWL\app\__init__.py:45]
2026-03-11 15:13:27,149 INFO: LMS Startup - Technical Specs Initialized [in C:\SWL\app\__init__.py:45]
2026-03-11 15:13:32,715 INFO: LMS Startup - Technical Specs Initialized [in C:\SWL\app\__init__.py:45]
2026-03-11 15:21:15,460 INFO: LMS Startup - Technical Specs Initialized [in C:\SWL\app\__init__.py:45]
2026-03-11 15:24:52,324 INFO: LMS Startup - Technical Specs Initialized [in C:\SWL\app\__init__.py:45]
2026-03-11 15:25:47,382 INFO: LMS Startup - Technical Specs Initialized [in C:\SWL\app\__init__.py:45]
2026-03-11 15:26:11,800 ERROR: Exception on /auth/login [POST] [in C:\SWL\venv\Lib\site-packages\flask\app.py:875]
Traceback (most recent call last):
  File "C:\SWL\venv\Lib\site-packages\flask\app.py", line 1511, in wsgi_app
    response = self.full_dispatch_request()
  File "C:\SWL\venv\Lib\site-packages\flask\app.py", line 919, in full_dispatch_request
    rv = self.handle_user_exception(e)
  File "C:\SWL\venv\Lib\site-packages\flask\app.py", line 917, in full_dispatch_request
    rv = self.dispatch_request()
  File "C:\SWL\venv\Lib\site-packages\flask\app.py", line 902, in dispatch_request
    return self.ensure_sync(self.view_functions[rule.endpoint])(**view_args)  # type: ignore[no-any-return]
           ~~~~~~~~~~~~~~~~~~~~~~~~~~~~~~~~~~~~~~~~~~~~~~~~~~~~^^^^^^^^^^^^^
  File "C:\SWL\app\auth\routes.py", line 33, in login
    return redirect(url_for('admin.manage_users'))
                    ~~~~~~~^^^^^^^^^^^^^^^^^^^^^^
  File "C:\SWL\venv\Lib\site-packages\flask\helpers.py", line 239, in url_for
    return current_app.url_for(
           ~~~~~~~~~~~~~~~~~~~^
        endpoint,
        ^^^^^^^^^
    ...<4 lines>...
        **values,
        ^^^^^^^^^
    )
    ^
  File "C:\SWL\venv\Lib\site-packages\flask\app.py", line 1121, in url_for
    return self.handle_url_build_error(error, endpoint, values)
           ~~~~~~~~~~~~~~~~~~~~~~~~~~~^^^^^^^^^^^^^^^^^^^^^^^^^
  File "C:\SWL\venv\Lib\site-packages\flask\app.py", line 1110, in url_for
    rv = url_adapter.build(  # type: ignore[union-attr]
        endpoint,
    ...<3 lines>...
        force_external=_external,
    )
  File "C:\SWL\venv\Lib\site-packages\werkzeug\routing\map.py", line 901, in build
    raise BuildError(endpoint, values, method, self)
werkzeug.routing.exceptions.BuildError: Could not build url for endpoint 'admin.manage_users'. Did you mean 'admin.create_instance' instead?
2026-03-11 15:44:22,988 INFO: LMS Startup - Technical Specs Initialized [in C:\SWL\app\__init__.py:45]
2026-03-11 15:44:30,596 ERROR: Exception on / [GET] [in C:\SWL\venv\Lib\site-packages\flask\app.py:875]
Traceback (most recent call last):
  File "C:\SWL\venv\Lib\site-packages\flask\app.py", line 1511, in wsgi_app
    response = self.full_dispatch_request()
  File "C:\SWL\venv\Lib\site-packages\flask\app.py", line 919, in full_dispatch_request
    rv = self.handle_user_exception(e)
  File "C:\SWL\venv\Lib\site-packages\flask\app.py", line 917, in full_dispatch_request
    rv = self.dispatch_request()
  File "C:\SWL\venv\Lib\site-packages\flask\app.py", line 902, in dispatch_request
    return self.ensure_sync(self.view_functions[rule.endpoint])(**view_args)  # type: ignore[no-any-return]
           ~~~~~~~~~~~~~~~~~~~~~~~~~~~~~~~~~~~~~~~~~~~~~~~~~~~~^^^^^^^^^^^^^
  File "C:\SWL\app\main\routes.py", line 113, in index
    return redirect(url_for('admin.manage_users'))
                    ~~~~~~~^^^^^^^^^^^^^^^^^^^^^^
  File "C:\SWL\venv\Lib\site-packages\flask\helpers.py", line 239, in url_for
    return current_app.url_for(
           ~~~~~~~~~~~~~~~~~~~^
        endpoint,
        ^^^^^^^^^
    ...<4 lines>...
        **values,
        ^^^^^^^^^
    )
    ^
  File "C:\SWL\venv\Lib\site-packages\flask\app.py", line 1121, in url_for
    return self.handle_url_build_error(error, endpoint, values)
           ~~~~~~~~~~~~~~~~~~~~~~~~~~~^^^^^^^^^^^^^^^^^^^^^^^^^
  File "C:\SWL\venv\Lib\site-packages\flask\app.py", line 1110, in url_for
    rv = url_adapter.build(  # type: ignore[union-attr]
        endpoint,
    ...<3 lines>...
        force_external=_external,
    )
  File "C:\SWL\venv\Lib\site-packages\werkzeug\routing\map.py", line 901, in build
    raise BuildError(endpoint, values, method, self)
werkzeug.routing.exceptions.BuildError: Could not build url for endpoint 'admin.manage_users'. Did you mean 'admin.create_instance' instead?
2026-03-11 15:44:33,871 ERROR: Exception on / [GET] [in C:\SWL\venv\Lib\site-packages\flask\app.py:875]
Traceback (most recent call last):
  File "C:\SWL\venv\Lib\site-packages\flask\app.py", line 1511, in wsgi_app
    response = self.full_dispatch_request()
  File "C:\SWL\venv\Lib\site-packages\flask\app.py", line 919, in full_dispatch_request
    rv = self.handle_user_exception(e)
  File "C:\SWL\venv\Lib\site-packages\flask\app.py", line 917, in full_dispatch_request
    rv = self.dispatch_request()
  File "C:\SWL\venv\Lib\site-packages\flask\app.py", line 902, in dispatch_request
    return self.ensure_sync(self.view_functions[rule.endpoint])(**view_args)  # type: ignore[no-any-return]
           ~~~~~~~~~~~~~~~~~~~~~~~~~~~~~~~~~~~~~~~~~~~~~~~~~~~~^^^^^^^^^^^^^
  File "C:\SWL\app\main\routes.py", line 113, in index
    return redirect(url_for('admin.manage_users'))
                    ~~~~~~~^^^^^^^^^^^^^^^^^^^^^^
  File "C:\SWL\venv\Lib\site-packages\flask\helpers.py", line 239, in url_for
    return current_app.url_for(
           ~~~~~~~~~~~~~~~~~~~^
        endpoint,
        ^^^^^^^^^
    ...<4 lines>...
        **values,
        ^^^^^^^^^
    )
    ^
  File "C:\SWL\venv\Lib\site-packages\flask\app.py", line 1121, in url_for
    return self.handle_url_build_error(error, endpoint, values)
           ~~~~~~~~~~~~~~~~~~~~~~~~~~~^^^^^^^^^^^^^^^^^^^^^^^^^
  File "C:\SWL\venv\Lib\site-packages\flask\app.py", line 1110, in url_for
    rv = url_adapter.build(  # type: ignore[union-attr]
        endpoint,
    ...<3 lines>...
        force_external=_external,
    )
  File "C:\SWL\venv\Lib\site-packages\werkzeug\routing\map.py", line 901, in build
    raise BuildError(endpoint, values, method, self)
werkzeug.routing.exceptions.BuildError: Could not build url for endpoint 'admin.manage_users'. Did you mean 'admin.create_instance' instead?
2026-03-11 15:44:34,081 ERROR: Exception on / [GET] [in C:\SWL\venv\Lib\site-packages\flask\app.py:875]
Traceback (most recent call last):
  File "C:\SWL\venv\Lib\site-packages\flask\app.py", line 1511, in wsgi_app
    response = self.full_dispatch_request()
  File "C:\SWL\venv\Lib\site-packages\flask\app.py", line 919, in full_dispatch_request
    rv = self.handle_user_exception(e)
  File "C:\SWL\venv\Lib\site-packages\flask\app.py", line 917, in full_dispatch_request
    rv = self.dispatch_request()
  File "C:\SWL\venv\Lib\site-packages\flask\app.py", line 902, in dispatch_request
    return self.ensure_sync(self.view_functions[rule.endpoint])(**view_args)  # type: ignore[no-any-return]
           ~~~~~~~~~~~~~~~~~~~~~~~~~~~~~~~~~~~~~~~~~~~~~~~~~~~~^^^^^^^^^^^^^
  File "C:\SWL\app\main\routes.py", line 113, in index
    return redirect(url_for('admin.manage_users'))
                    ~~~~~~~^^^^^^^^^^^^^^^^^^^^^^
  File "C:\SWL\venv\Lib\site-packages\flask\helpers.py", line 239, in url_for
    return current_app.url_for(
           ~~~~~~~~~~~~~~~~~~~^
        endpoint,
        ^^^^^^^^^
    ...<4 lines>...
        **values,
        ^^^^^^^^^
    )
    ^
  File "C:\SWL\venv\Lib\site-packages\flask\app.py", line 1121, in url_for
    return self.handle_url_build_error(error, endpoint, values)
           ~~~~~~~~~~~~~~~~~~~~~~~~~~~^^^^^^^^^^^^^^^^^^^^^^^^^
  File "C:\SWL\venv\Lib\site-packages\flask\app.py", line 1110, in url_for
    rv = url_adapter.build(  # type: ignore[union-attr]
        endpoint,
    ...<3 lines>...
        force_external=_external,
    )
  File "C:\SWL\venv\Lib\site-packages\werkzeug\routing\map.py", line 901, in build
    raise BuildError(endpoint, values, method, self)
werkzeug.routing.exceptions.BuildError: Could not build url for endpoint 'admin.manage_users'. Did you mean 'admin.create_instance' instead?
2026-03-11 15:44:36,504 ERROR: Exception on / [GET] [in C:\SWL\venv\Lib\site-packages\flask\app.py:875]
Traceback (most recent call last):
  File "C:\SWL\venv\Lib\site-packages\flask\app.py", line 1511, in wsgi_app
    response = self.full_dispatch_request()
  File "C:\SWL\venv\Lib\site-packages\flask\app.py", line 919, in full_dispatch_request
    rv = self.handle_user_exception(e)
  File "C:\SWL\venv\Lib\site-packages\flask\app.py", line 917, in full_dispatch_request
    rv = self.dispatch_request()
  File "C:\SWL\venv\Lib\site-packages\flask\app.py", line 902, in dispatch_request
    return self.ensure_sync(self.view_functions[rule.endpoint])(**view_args)  # type: ignore[no-any-return]
           ~~~~~~~~~~~~~~~~~~~~~~~~~~~~~~~~~~~~~~~~~~~~~~~~~~~~^^^^^^^^^^^^^
  File "C:\SWL\app\main\routes.py", line 113, in index
    return redirect(url_for('admin.manage_users'))
                    ~~~~~~~^^^^^^^^^^^^^^^^^^^^^^
  File "C:\SWL\venv\Lib\site-packages\flask\helpers.py", line 239, in url_for
    return current_app.url_for(
           ~~~~~~~~~~~~~~~~~~~^
        endpoint,
        ^^^^^^^^^
    ...<4 lines>...
        **values,
        ^^^^^^^^^
    )
    ^
  File "C:\SWL\venv\Lib\site-packages\flask\app.py", line 1121, in url_for
    return self.handle_url_build_error(error, endpoint, values)
           ~~~~~~~~~~~~~~~~~~~~~~~~~~~^^^^^^^^^^^^^^^^^^^^^^^^^
  File "C:\SWL\venv\Lib\site-packages\flask\app.py", line 1110, in url_for
    rv = url_adapter.build(  # type: ignore[union-attr]
        endpoint,
    ...<3 lines>...
        force_external=_external,
    )
  File "C:\SWL\venv\Lib\site-packages\werkzeug\routing\map.py", line 901, in build
    raise BuildError(endpoint, values, method, self)
werkzeug.routing.exceptions.BuildError: Could not build url for endpoint 'admin.manage_users'. Did you mean 'admin.create_instance' instead?
2026-03-11 15:44:48,368 ERROR: Exception on / [GET] [in C:\SWL\venv\Lib\site-packages\flask\app.py:875]
Traceback (most recent call last):
  File "C:\SWL\venv\Lib\site-packages\flask\app.py", line 1511, in wsgi_app
    response = self.full_dispatch_request()
  File "C:\SWL\venv\Lib\site-packages\flask\app.py", line 919, in full_dispatch_request
    rv = self.handle_user_exception(e)
  File "C:\SWL\venv\Lib\site-packages\flask\app.py", line 917, in full_dispatch_request
    rv = self.dispatch_request()
  File "C:\SWL\venv\Lib\site-packages\flask\app.py", line 902, in dispatch_request
    return self.ensure_sync(self.view_functions[rule.endpoint])(**view_args)  # type: ignore[no-any-return]
           ~~~~~~~~~~~~~~~~~~~~~~~~~~~~~~~~~~~~~~~~~~~~~~~~~~~~^^^^^^^^^^^^^
  File "C:\SWL\app\main\routes.py", line 113, in index
    return redirect(url_for('admin.manage_users'))
                    ~~~~~~~^^^^^^^^^^^^^^^^^^^^^^
  File "C:\SWL\venv\Lib\site-packages\flask\helpers.py", line 239, in url_for
    return current_app.url_for(
           ~~~~~~~~~~~~~~~~~~~^
        endpoint,
        ^^^^^^^^^
    ...<4 lines>...
        **values,
        ^^^^^^^^^
    )
    ^
  File "C:\SWL\venv\Lib\site-packages\flask\app.py", line 1121, in url_for
    return self.handle_url_build_error(error, endpoint, values)
           ~~~~~~~~~~~~~~~~~~~~~~~~~~~^^^^^^^^^^^^^^^^^^^^^^^^^
  File "C:\SWL\venv\Lib\site-packages\flask\app.py", line 1110, in url_for
    rv = url_adapter.build(  # type: ignore[union-attr]
        endpoint,
    ...<3 lines>...
        force_external=_external,
    )
  File "C:\SWL\venv\Lib\site-packages\werkzeug\routing\map.py", line 901, in build
    raise BuildError(endpoint, values, method, self)
werkzeug.routing.exceptions.BuildError: Could not build url for endpoint 'admin.manage_users'. Did you mean 'admin.create_instance' instead?
2026-03-11 15:46:44,200 INFO: LMS Startup - Technical Specs Initialized [in C:\SWL\app\__init__.py:45]
2026-03-11 15:46:48,551 ERROR: Exception on / [GET] [in C:\SWL\venv\Lib\site-packages\flask\app.py:875]
Traceback (most recent call last):
  File "C:\SWL\venv\Lib\site-packages\flask\app.py", line 1511, in wsgi_app
    response = self.full_dispatch_request()
  File "C:\SWL\venv\Lib\site-packages\flask\app.py", line 919, in full_dispatch_request
    rv = self.handle_user_exception(e)
  File "C:\SWL\venv\Lib\site-packages\flask\app.py", line 917, in full_dispatch_request
    rv = self.dispatch_request()
  File "C:\SWL\venv\Lib\site-packages\flask\app.py", line 902, in dispatch_request
    return self.ensure_sync(self.view_functions[rule.endpoint])(**view_args)  # type: ignore[no-any-return]
           ~~~~~~~~~~~~~~~~~~~~~~~~~~~~~~~~~~~~~~~~~~~~~~~~~~~~^^^^^^^^^^^^^
  File "C:\SWL\app\main\routes.py", line 113, in index
    return redirect(url_for('admin.manage_users'))
                    ~~~~~~~^^^^^^^^^^^^^^^^^^^^^^
  File "C:\SWL\venv\Lib\site-packages\flask\helpers.py", line 239, in url_for
    return current_app.url_for(
           ~~~~~~~~~~~~~~~~~~~^
        endpoint,
        ^^^^^^^^^
    ...<4 lines>...
        **values,
        ^^^^^^^^^
    )
    ^
  File "C:\SWL\venv\Lib\site-packages\flask\app.py", line 1121, in url_for
    return self.handle_url_build_error(error, endpoint, values)
           ~~~~~~~~~~~~~~~~~~~~~~~~~~~^^^^^^^^^^^^^^^^^^^^^^^^^
  File "C:\SWL\venv\Lib\site-packages\flask\app.py", line 1110, in url_for
    rv = url_adapter.build(  # type: ignore[union-attr]
        endpoint,
    ...<3 lines>...
        force_external=_external,
    )
  File "C:\SWL\venv\Lib\site-packages\werkzeug\routing\map.py", line 901, in build
    raise BuildError(endpoint, values, method, self)
werkzeug.routing.exceptions.BuildError: Could not build url for endpoint 'admin.manage_users'. Did you mean 'admin.create_instance' instead?
2026-03-11 15:46:49,642 ERROR: Exception on / [GET] [in C:\SWL\venv\Lib\site-packages\flask\app.py:875]
Traceback (most recent call last):
  File "C:\SWL\venv\Lib\site-packages\flask\app.py", line 1511, in wsgi_app
    response = self.full_dispatch_request()
  File "C:\SWL\venv\Lib\site-packages\flask\app.py", line 919, in full_dispatch_request
    rv = self.handle_user_exception(e)
  File "C:\SWL\venv\Lib\site-packages\flask\app.py", line 917, in full_dispatch_request
    rv = self.dispatch_request()
  File "C:\SWL\venv\Lib\site-packages\flask\app.py", line 902, in dispatch_request
    return self.ensure_sync(self.view_functions[rule.endpoint])(**view_args)  # type: ignore[no-any-return]
           ~~~~~~~~~~~~~~~~~~~~~~~~~~~~~~~~~~~~~~~~~~~~~~~~~~~~^^^^^^^^^^^^^
  File "C:\SWL\app\main\routes.py", line 113, in index
    return redirect(url_for('admin.manage_users'))
                    ~~~~~~~^^^^^^^^^^^^^^^^^^^^^^
  File "C:\SWL\venv\Lib\site-packages\flask\helpers.py", line 239, in url_for
    return current_app.url_for(
           ~~~~~~~~~~~~~~~~~~~^
        endpoint,
        ^^^^^^^^^
    ...<4 lines>...
        **values,
        ^^^^^^^^^
    )
    ^
  File "C:\SWL\venv\Lib\site-packages\flask\app.py", line 1121, in url_for
    return self.handle_url_build_error(error, endpoint, values)
           ~~~~~~~~~~~~~~~~~~~~~~~~~~~^^^^^^^^^^^^^^^^^^^^^^^^^
  File "C:\SWL\venv\Lib\site-packages\flask\app.py", line 1110, in url_for
    rv = url_adapter.build(  # type: ignore[union-attr]
        endpoint,
    ...<3 lines>...
        force_external=_external,
    )
  File "C:\SWL\venv\Lib\site-packages\werkzeug\routing\map.py", line 901, in build
    raise BuildError(endpoint, values, method, self)
werkzeug.routing.exceptions.BuildError: Could not build url for endpoint 'admin.manage_users'. Did you mean 'admin.create_instance' instead?
2026-03-11 15:46:49,845 ERROR: Exception on / [GET] [in C:\SWL\venv\Lib\site-packages\flask\app.py:875]
Traceback (most recent call last):
  File "C:\SWL\venv\Lib\site-packages\flask\app.py", line 1511, in wsgi_app
    response = self.full_dispatch_request()
  File "C:\SWL\venv\Lib\site-packages\flask\app.py", line 919, in full_dispatch_request
    rv = self.handle_user_exception(e)
  File "C:\SWL\venv\Lib\site-packages\flask\app.py", line 917, in full_dispatch_request
    rv = self.dispatch_request()
  File "C:\SWL\venv\Lib\site-packages\flask\app.py", line 902, in dispatch_request
    return self.ensure_sync(self.view_functions[rule.endpoint])(**view_args)  # type: ignore[no-any-return]
           ~~~~~~~~~~~~~~~~~~~~~~~~~~~~~~~~~~~~~~~~~~~~~~~~~~~~^^^^^^^^^^^^^
  File "C:\SWL\app\main\routes.py", line 113, in index
    return redirect(url_for('admin.manage_users'))
                    ~~~~~~~^^^^^^^^^^^^^^^^^^^^^^
  File "C:\SWL\venv\Lib\site-packages\flask\helpers.py", line 239, in url_for
    return current_app.url_for(
           ~~~~~~~~~~~~~~~~~~~^
        endpoint,
        ^^^^^^^^^
    ...<4 lines>...
        **values,
        ^^^^^^^^^
    )
    ^
  File "C:\SWL\venv\Lib\site-packages\flask\app.py", line 1121, in url_for
    return self.handle_url_build_error(error, endpoint, values)
           ~~~~~~~~~~~~~~~~~~~~~~~~~~~^^^^^^^^^^^^^^^^^^^^^^^^^
  File "C:\SWL\venv\Lib\site-packages\flask\app.py", line 1110, in url_for
    rv = url_adapter.build(  # type: ignore[union-attr]
        endpoint,
    ...<3 lines>...
        force_external=_external,
    )
  File "C:\SWL\venv\Lib\site-packages\werkzeug\routing\map.py", line 901, in build
    raise BuildError(endpoint, values, method, self)
werkzeug.routing.exceptions.BuildError: Could not build url for endpoint 'admin.manage_users'. Did you mean 'admin.create_instance' instead?
2026-03-11 15:47:25,086 INFO: LMS Startup - Technical Specs Initialized [in C:\SWL\app\__init__.py:45]
2026-03-11 15:47:28,243 ERROR: Exception on / [GET] [in C:\SWL\venv\Lib\site-packages\flask\app.py:875]
Traceback (most recent call last):
  File "C:\SWL\venv\Lib\site-packages\flask\app.py", line 1511, in wsgi_app
    response = self.full_dispatch_request()
  File "C:\SWL\venv\Lib\site-packages\flask\app.py", line 919, in full_dispatch_request
    rv = self.handle_user_exception(e)
  File "C:\SWL\venv\Lib\site-packages\flask\app.py", line 917, in full_dispatch_request
    rv = self.dispatch_request()
  File "C:\SWL\venv\Lib\site-packages\flask\app.py", line 902, in dispatch_request
    return self.ensure_sync(self.view_functions[rule.endpoint])(**view_args)  # type: ignore[no-any-return]
           ~~~~~~~~~~~~~~~~~~~~~~~~~~~~~~~~~~~~~~~~~~~~~~~~~~~~^^^^^^^^^^^^^
  File "C:\SWL\app\main\routes.py", line 113, in index
    return redirect(url_for('admin.manage_users'))
                    ~~~~~~~^^^^^^^^^^^^^^^^^^^^^^
  File "C:\SWL\venv\Lib\site-packages\flask\helpers.py", line 239, in url_for
    return current_app.url_for(
           ~~~~~~~~~~~~~~~~~~~^
        endpoint,
        ^^^^^^^^^
    ...<4 lines>...
        **values,
        ^^^^^^^^^
    )
    ^
  File "C:\SWL\venv\Lib\site-packages\flask\app.py", line 1121, in url_for
    return self.handle_url_build_error(error, endpoint, values)
           ~~~~~~~~~~~~~~~~~~~~~~~~~~~^^^^^^^^^^^^^^^^^^^^^^^^^
  File "C:\SWL\venv\Lib\site-packages\flask\app.py", line 1110, in url_for
    rv = url_adapter.build(  # type: ignore[union-attr]
        endpoint,
    ...<3 lines>...
        force_external=_external,
    )
  File "C:\SWL\venv\Lib\site-packages\werkzeug\routing\map.py", line 901, in build
    raise BuildError(endpoint, values, method, self)
werkzeug.routing.exceptions.BuildError: Could not build url for endpoint 'admin.manage_users'. Did you mean 'admin.create_instance' instead?
2026-03-11 15:49:50,832 INFO: LMS Startup - Technical Specs Initialized [in C:\SWL\app\__init__.py:45]
2026-03-11 15:50:35,105 ERROR: Exception on /auth/login [POST] [in C:\SWL\venv\Lib\site-packages\flask\app.py:875]
Traceback (most recent call last):
  File "C:\SWL\venv\Lib\site-packages\flask\app.py", line 1511, in wsgi_app
    response = self.full_dispatch_request()
  File "C:\SWL\venv\Lib\site-packages\flask\app.py", line 919, in full_dispatch_request
    rv = self.handle_user_exception(e)
  File "C:\SWL\venv\Lib\site-packages\flask\app.py", line 917, in full_dispatch_request
    rv = self.dispatch_request()
  File "C:\SWL\venv\Lib\site-packages\flask\app.py", line 902, in dispatch_request
    return self.ensure_sync(self.view_functions[rule.endpoint])(**view_args)  # type: ignore[no-any-return]
           ~~~~~~~~~~~~~~~~~~~~~~~~~~~~~~~~~~~~~~~~~~~~~~~~~~~~^^^^^^^^^^^^^
  File "C:\SWL\app\auth\routes.py", line 33, in login
    return redirect(url_for('admin.manage_users'))
                    ~~~~~~~^^^^^^^^^^^^^^^^^^^^^^
  File "C:\SWL\venv\Lib\site-packages\flask\helpers.py", line 239, in url_for
    return current_app.url_for(
           ~~~~~~~~~~~~~~~~~~~^
        endpoint,
        ^^^^^^^^^
    ...<4 lines>...
        **values,
        ^^^^^^^^^
    )
    ^
  File "C:\SWL\venv\Lib\site-packages\flask\app.py", line 1121, in url_for
    return self.handle_url_build_error(error, endpoint, values)
           ~~~~~~~~~~~~~~~~~~~~~~~~~~~^^^^^^^^^^^^^^^^^^^^^^^^^
  File "C:\SWL\venv\Lib\site-packages\flask\app.py", line 1110, in url_for
    rv = url_adapter.build(  # type: ignore[union-attr]
        endpoint,
    ...<3 lines>...
        force_external=_external,
    )
  File "C:\SWL\venv\Lib\site-packages\werkzeug\routing\map.py", line 901, in build
    raise BuildError(endpoint, values, method, self)
werkzeug.routing.exceptions.BuildError: Could not build url for endpoint 'admin.manage_users'. Did you mean 'admin.create_instance' instead?
